team_id,team_name,team_logo,group_name,player_id,player_name,player_image,stat_name,stat_value
22,Pittsburgh Steelers,https://media.api-sports.io/american-football/teams/22.png,Punting,2863,Jordan Berry,https://media.api-sports.io/american-football/players/2863.png,lg,61
7,Detroit Lions,https://media.api-sports.io/american-football/teams/7.png,Punting,1485,Sam Martin,https://media.api-sports.io/american-football/players/1485.png,lg,47
22,Pittsburgh Steelers,https://media.api-sports.io/american-football/teams/22.png,Kicking,1630,Chris Boswell,https://media.api-sports.io/american-football/players/1630.png,field goals from 50 yards,0
7,Detroit Lions,https://media.api-sports.io/american-football/teams/7.png,Kicking,5841,Devon Bell,https://media.api-sports.io/american-football/players/5841.png,field goals from 50 yards,0
22,Pittsburgh Steelers,https://media.api-sports.io/american-football/teams/22.png,Punt_returns,4500,Demarcus Ayers,https://media.api-sports.io/american-football/players/4500.png,td,0
7,Detroit Lions,https://media.api-sports.io/american-football/teams/7.png,Punt_returns,1354,Andre Roberts,https://media.api-sports.io/american-football/players/1354.png,td,0
22,Pittsburgh Steelers,https://media.api-sports.io/american-football/teams/22.png,Kick_returns,4503,Fitzgerald Toussaint,https://media.api-sports.io/american-football/players/4503.png,exp return td,
7,Detroit Lions,https://media.api-sports.io/american-football/teams/7.png,Kick_returns,4551,Jeremy Kerley,https://media.api-sports.io/american-football/players/4551.png,exp return td,
22,Pittsburgh Steelers,https://media.api-sports.io/american-football/teams/22.png,Defensive,5896,Montell Garner,https://media.api-sports.io/american-football/players/5896.png,ff,
7,Detroit Lions,https://media.api-sports.io/american-football/teams/7.png,Defensive,1930,Dwayne Washington,https://media.api-sports.io/american-football/players/1930.png,ff,
22,Pittsburgh Steelers,https://media.api-sports.io/american-football/teams/22.png,Interceptions,4639,Doran Grant,https://media.api-sports.io/american-football/players/4639.png,intercepted touch downs,1
7,Detroit Lions,https://media.api-sports.io/american-football/teams/7.png,Fumbles,3738,Jake Rudock,https://media.api-sports.io/american-football/players/3738.png,rec td,
22,Pittsburgh Steelers,https://media.api-sports.io/american-football/teams/22.png,Fumbles,628,Jesse James,https://media.api-sports.io/american-football/players/628.png,rec td,
7,Detroit Lions,https://media.api-sports.io/american-football/teams/7.png,Receiving,3713,TJ Jones,https://media.api-sports.io/american-football/players/3713.png,two pt,0
22,Pittsburgh Steelers,https://media.api-sports.io/american-football/teams/22.png,Receiving,4576,Marcus Tucker,https://media.api-sports.io/american-football/players/4576.png,two pt,0
7,Detroit Lions,https://media.api-sports.io/american-football/teams/7.png,Rushing,5512,George Winn,https://media.api-sports.io/american-football/players/5512.png,exp return td,
22,Pittsburgh Steelers,https://media.api-sports.io/american-football/teams/22.png,Rushing,4510,Sammie Coates Jr.,https://media.api-sports.io/american-football/players/4510.png,exp return td,
7,Detroit Lions,https://media.api-sports.io/american-football/teams/7.png,Passing,2227,Matthew Stafford,https://media.api-sports.io/american-football/players/2227.png,two pt,0
22,Pittsburgh Steelers,https://media.api-sports.io/american-football/teams/22.png,Passing,5844,Bruce Gradkowski,https://media.api-sports.io/american-football/players/5844.png,two pt,0
22,Pittsburgh Steelers,https://media.api-sports.io/american-football/teams/22.png,Punting,5423,Will Monday,https://media.api-sports.io/american-football/players/5423.png,lg,54
7,Detroit Lions,https://media.api-sports.io/american-football/teams/7.png,Punting,5841,Devon Bell,https://media.api-sports.io/american-football/players/5841.png,lg,50
7,Detroit Lions,https://media.api-sports.io/american-football/teams/7.png,Kicking,826,Matt Prater,https://media.api-sports.io/american-football/players/826.png,field goals from 50 yards,0
7,Detroit Lions,https://media.api-sports.io/american-football/teams/7.png,Punt_returns,4551,Jeremy Kerley,https://media.api-sports.io/american-football/players/4551.png,td,0
22,Pittsburgh Steelers,https://media.api-sports.io/american-football/teams/22.png,Kick_returns,5718,Daryl Richardson,https://media.api-sports.io/american-football/players/5718.png,exp return td,
7,Detroit Lions,https://media.api-sports.io/american-football/teams/7.png,Kick_returns,1354,Andre Roberts,https://media.api-sports.io/american-football/players/1354.png,exp return td,
22,Pittsburgh Steelers,https://media.api-sports.io/american-football/teams/22.png,Defensive,4102,Lavon Hooks,https://media.api-sports.io/american-football/players/4102.png,ff,
7,Detroit Lions,https://media.api-sports.io/american-football/teams/7.png,Defensive,825,Charles Washington,https://media.api-sports.io/american-football/players/825.png,ff,
7,Detroit Lions,https://media.api-sports.io/american-football/teams/7.png,Fumbles,3713,TJ Jones,https://media.api-sports.io/american-football/players/3713.png,rec td,
22,Pittsburgh Steelers,https://media.api-sports.io/american-football/teams/22.png,Fumbles,5210,Dustin Vaughan,https://media.api-sports.io/american-football/players/5210.png,rec td,
7,Detroit Lions,https://media.api-sports.io/american-football/teams/7.png,Receiving,3610,Theo Riddick,https://media.api-sports.io/american-football/players/3610.png,two pt,0
22,Pittsburgh Steelers,https://media.api-sports.io/american-football/teams/22.png,Receiving,5864,Levi Norwood,https://media.api-sports.io/american-football/players/5864.png,two pt,0
7,Detroit Lions,https://media.api-sports.io/american-football/teams/7.png,Rushing,2227,Matthew Stafford,https://media.api-sports.io/american-football/players/2227.png,exp return td,
22,Pittsburgh Steelers,https://media.api-sports.io/american-football/teams/22.png,Rushing,5851,Cameron Stingily,https://media.api-sports.io/american-football/players/5851.png,exp return td,
7,Detroit Lions,https://media.api-sports.io/american-football/teams/7.png,Passing,3738,Jake Rudock,https://media.api-sports.io/american-football/players/3738.png,two pt,0
22,Pittsburgh Steelers,https://media.api-sports.io/american-football/teams/22.png,Passing,5210,Dustin Vaughan,https://media.api-sports.io/american-football/players/5210.png,two pt,0
7,Detroit Lions,https://media.api-sports.io/american-football/teams/7.png,Punt_returns,4799,Jace Billingsley,https://media.api-sports.io/american-football/players/4799.png,td,0
7,Detroit Lions,https://media.api-sports.io/american-football/teams/7.png,Kick_returns,1930,Dwayne Washington,https://media.api-sports.io/american-football/players/1930.png,exp return td,
22,Pittsburgh Steelers,https://media.api-sports.io/american-football/teams/22.png,Defensive,5862,Paul Lang,https://media.api-sports.io/american-football/players/5862.png,ff,
7,Detroit Lions,https://media.api-sports.io/american-football/teams/7.png,Defensive,3508,Tahir Whitehead,https://media.api-sports.io/american-football/players/3508.png,ff,
7,Detroit Lions,https://media.api-sports.io/american-football/teams/7.png,Fumbles,5512,George Winn,https://media.api-sports.io/american-football/players/5512.png,rec td,
22,Pittsburgh Steelers,https://media.api-sports.io/american-football/teams/22.png,Fumbles,4510,Sammie Coates Jr.,https://media.api-sports.io/american-football/players/4510.png,rec td,
7,Detroit Lions,https://media.api-sports.io/american-football/teams/7.png,Receiving,5866,Adam Fuehne,https://media.api-sports.io/american-football/players/5866.png,two pt,0
22,Pittsburgh Steelers,https://media.api-sports.io/american-football/teams/22.png,Receiving,5863,Issac Blakeney,https://media.api-sports.io/american-football/players/5863.png,two pt,0
7,Detroit Lions,https://media.api-sports.io/american-football/teams/7.png,Rushing,1930,Dwayne Washington,https://media.api-sports.io/american-football/players/1930.png,exp return td,
22,Pittsburgh Steelers,https://media.api-sports.io/american-football/teams/22.png,Rushing,5850,Brandon Brown-Dukes,https://media.api-sports.io/american-football/players/5850.png,exp return td,
7,Detroit Lions,https://media.api-sports.io/american-football/teams/7.png,Passing,5428,Dan Orlovsky,https://media.api-sports.io/american-football/players/5428.png,two pt,0
22,Pittsburgh Steelers,https://media.api-sports.io/american-football/teams/22.png,Passing,4515,Landry Jones,https://media.api-sports.io/american-football/players/4515.png,two pt,0
22,Pittsburgh Steelers,https://media.api-sports.io/american-football/teams/22.png,Defensive,5895,Ray Vinopal,https://media.api-sports.io/american-football/players/5895.png,ff,
7,Detroit Lions,https://media.api-sports.io/american-football/teams/7.png,Defensive,2276,A'Shawn Robinson,https://media.api-sports.io/american-football/players/2276.png,ff,
7,Detroit Lions,https://media.api-sports.io/american-football/teams/7.png,Fumbles,5428,Dan Orlovsky,https://media.api-sports.io/american-football/players/5428.png,rec td,
22,Pittsburgh Steelers,https://media.api-sports.io/american-football/teams/22.png,Fumbles,4870,Arthur Moats,https://media.api-sports.io/american-football/players/4870.png,rec td,
7,Detroit Lions,https://media.api-sports.io/american-football/teams/7.png,Receiving,4530,Stevan Ridley,https://media.api-sports.io/american-football/players/4530.png,two pt,0
22,Pittsburgh Steelers,https://media.api-sports.io/american-football/teams/22.png,Receiving,5636,David Johnson,https://media.api-sports.io/american-football/players/5636.png,two pt,0
7,Detroit Lions,https://media.api-sports.io/american-football/teams/7.png,Rushing,4530,Stevan Ridley,https://media.api-sports.io/american-football/players/4530.png,exp return td,
22,Pittsburgh Steelers,https://media.api-sports.io/american-football/teams/22.png,Rushing,4276,Eli Rogers,https://media.api-sports.io/american-football/players/4276.png,exp return td,
22,Pittsburgh Steelers,https://media.api-sports.io/american-football/teams/22.png,Defensive,4503,Fitzgerald Toussaint,https://media.api-sports.io/american-football/players/4503.png,ff,
7,Detroit Lions,https://media.api-sports.io/american-football/teams/7.png,Defensive,3234,Tavon Wilson,https://media.api-sports.io/american-football/players/3234.png,ff,
7,Detroit Lions,https://media.api-sports.io/american-football/teams/7.png,Fumbles,2227,Matthew Stafford,https://media.api-sports.io/american-football/players/2227.png,rec td,
7,Detroit Lions,https://media.api-sports.io/american-football/teams/7.png,Receiving,3827,Cole Wick,https://media.api-sports.io/american-football/players/3827.png,two pt,0
22,Pittsburgh Steelers,https://media.api-sports.io/american-football/teams/22.png,Receiving,628,Jesse James,https://media.api-sports.io/american-football/players/628.png,two pt,0
7,Detroit Lions,https://media.api-sports.io/american-football/teams/7.png,Rushing,3610,Theo Riddick,https://media.api-sports.io/american-football/players/3610.png,exp return td,
22,Pittsburgh Steelers,https://media.api-sports.io/american-football/teams/22.png,Rushing,4503,Fitzgerald Toussaint,https://media.api-sports.io/american-football/players/4503.png,exp return td,
22,Pittsburgh Steelers,https://media.api-sports.io/american-football/teams/22.png,Defensive,3581,Jordan Dangerfield,https://media.api-sports.io/american-football/players/3581.png,ff,
7,Detroit Lions,https://media.api-sports.io/american-football/teams/7.png,Defensive,5903,Crezdon Butler,https://media.api-sports.io/american-football/players/5903.png,ff,
7,Detroit Lions,https://media.api-sports.io/american-football/teams/7.png,Fumbles,337,Brandon Copeland,https://media.api-sports.io/american-football/players/337.png,rec td,
7,Detroit Lions,https://media.api-sports.io/american-football/teams/7.png,Receiving,5865,Quinshad Davis,https://media.api-sports.io/american-football/players/5865.png,two pt,0
22,Pittsburgh Steelers,https://media.api-sports.io/american-football/teams/22.png,Receiving,4500,Demarcus Ayers,https://media.api-sports.io/american-football/players/4500.png,two pt,0
7,Detroit Lions,https://media.api-sports.io/american-football/teams/7.png,Rushing,3738,Jake Rudock,https://media.api-sports.io/american-football/players/3738.png,exp return td,
22,Pittsburgh Steelers,https://media.api-sports.io/american-football/teams/22.png,Rushing,5844,Bruce Gradkowski,https://media.api-sports.io/american-football/players/5844.png,exp return td,
22,Pittsburgh Steelers,https://media.api-sports.io/american-football/teams/22.png,Defensive,4576,Marcus Tucker,https://media.api-sports.io/american-football/players/4576.png,ff,
7,Detroit Lions,https://media.api-sports.io/american-football/teams/7.png,Defensive,1695,Quandre Diggs,https://media.api-sports.io/american-football/players/1695.png,ff,
7,Detroit Lions,https://media.api-sports.io/american-football/teams/7.png,Receiving,3803,Orson Charles,https://media.api-sports.io/american-football/players/3803.png,two pt,0
22,Pittsburgh Steelers,https://media.api-sports.io/american-football/teams/22.png,Receiving,4276,Eli Rogers,https://media.api-sports.io/american-football/players/4276.png,two pt,0
7,Detroit Lions,https://media.api-sports.io/american-football/teams/7.png,Rushing,3759,Zach Zenner,https://media.api-sports.io/american-football/players/3759.png,exp return td,
22,Pittsburgh Steelers,https://media.api-sports.io/american-football/teams/22.png,Rushing,4500,Demarcus Ayers,https://media.api-sports.io/american-football/players/4500.png,exp return td,
22,Pittsburgh Steelers,https://media.api-sports.io/american-football/teams/22.png,Defensive,873,Javon Hargrave,https://media.api-sports.io/american-football/players/873.png,ff,
7,Detroit Lions,https://media.api-sports.io/american-football/teams/7.png,Defensive,3398,Gabe Wright,https://media.api-sports.io/american-football/players/3398.png,ff,
7,Detroit Lions,https://media.api-sports.io/american-football/teams/7.png,Receiving,1930,Dwayne Washington,https://media.api-sports.io/american-football/players/1930.png,two pt,0
22,Pittsburgh Steelers,https://media.api-sports.io/american-football/teams/22.png,Receiving,5862,Paul Lang,https://media.api-sports.io/american-football/players/5862.png,two pt,0
22,Pittsburgh Steelers,https://media.api-sports.io/american-football/teams/22.png,Rushing,5718,Daryl Richardson,https://media.api-sports.io/american-football/players/5718.png,exp return td,
22,Pittsburgh Steelers,https://media.api-sports.io/american-football/teams/22.png,Defensive,3602,Anthony Chickillo,https://media.api-sports.io/american-football/players/3602.png,ff,
7,Detroit Lions,https://media.api-sports.io/american-football/teams/7.png,Defensive,5902,Keith Lewis,https://media.api-sports.io/american-football/players/5902.png,ff,
7,Detroit Lions,https://media.api-sports.io/american-football/teams/7.png,Receiving,81,Marvin Jones Jr.,https://media.api-sports.io/american-football/players/81.png,two pt,0
22,Pittsburgh Steelers,https://media.api-sports.io/american-football/teams/22.png,Receiving,5718,Daryl Richardson,https://media.api-sports.io/american-football/players/5718.png,two pt,0
22,Pittsburgh Steelers,https://media.api-sports.io/american-football/teams/22.png,Defensive,3881,L.T. Walton,https://media.api-sports.io/american-football/players/3881.png,ff,
7,Detroit Lions,https://media.api-sports.io/american-football/teams/7.png,Defensive,3357,Nevin Lawson,https://media.api-sports.io/american-football/players/3357.png,ff,
7,Detroit Lions,https://media.api-sports.io/american-football/teams/7.png,Receiving,5512,George Winn,https://media.api-sports.io/american-football/players/5512.png,two pt,0
22,Pittsburgh Steelers,https://media.api-sports.io/american-football/teams/22.png,Receiving,4510,Sammie Coates Jr.,https://media.api-sports.io/american-football/players/4510.png,two pt,0
22,Pittsburgh Steelers,https://media.api-sports.io/american-football/teams/22.png,Defensive,4870,Arthur Moats,https://media.api-sports.io/american-football/players/4870.png,ff,
7,Detroit Lions,https://media.api-sports.io/american-football/teams/7.png,Defensive,3643,Caraun Reid,https://media.api-sports.io/american-football/players/3643.png,ff,
7,Detroit Lions,https://media.api-sports.io/american-football/teams/7.png,Receiving,5564,Anquan Boldin,https://media.api-sports.io/american-football/players/5564.png,two pt,0
22,Pittsburgh Steelers,https://media.api-sports.io/american-football/teams/22.png,Receiving,5033,Cobi Hamilton,https://media.api-sports.io/american-football/players/5033.png,two pt,0
22,Pittsburgh Steelers,https://media.api-sports.io/american-football/teams/22.png,Defensive,5894,Ricardo Mathews,https://media.api-sports.io/american-football/players/5894.png,ff,
7,Detroit Lions,https://media.api-sports.io/american-football/teams/7.png,Defensive,5531,Khyri Thornton,https://media.api-sports.io/american-football/players/5531.png,ff,
7,Detroit Lions,https://media.api-sports.io/american-football/teams/7.png,Receiving,3759,Zach Zenner,https://media.api-sports.io/american-football/players/3759.png,two pt,0
22,Pittsburgh Steelers,https://media.api-sports.io/american-football/teams/22.png,Receiving,4888,Darrius Heyward-Bey,https://media.api-sports.io/american-football/players/4888.png,two pt,0
22,Pittsburgh Steelers,https://media.api-sports.io/american-football/teams/22.png,Defensive,5893,Cody Wallace,https://media.api-sports.io/american-football/players/5893.png,ff,
7,Detroit Lions,https://media.api-sports.io/american-football/teams/7.png,Defensive,5901,Travis Swanson,https://media.api-sports.io/american-football/players/5901.png,ff,
7,Detroit Lions,https://media.api-sports.io/american-football/teams/7.png,Receiving,4799,Jace Billingsley,https://media.api-sports.io/american-football/players/4799.png,two pt,0
22,Pittsburgh Steelers,https://media.api-sports.io/american-football/teams/22.png,Defensive,4993,William Gay,https://media.api-sports.io/american-football/players/4993.png,ff,
7,Detroit Lions,https://media.api-sports.io/american-football/teams/7.png,Defensive,4025,Johnson Bademosi,https://media.api-sports.io/american-football/players/4025.png,ff,
7,Detroit Lions,https://media.api-sports.io/american-football/teams/7.png,Receiving,4551,Jeremy Kerley,https://media.api-sports.io/american-football/players/4551.png,two pt,0
22,Pittsburgh Steelers,https://media.api-sports.io/american-football/teams/22.png,Defensive,1466,Tyler Matakevich,https://media.api-sports.io/american-football/players/1466.png,ff,
7,Detroit Lions,https://media.api-sports.io/american-football/teams/7.png,Defensive,3918,Anthony Zettel,https://media.api-sports.io/american-football/players/3918.png,ff,
7,Detroit Lions,https://media.api-sports.io/american-football/teams/7.png,Receiving,1354,Andre Roberts,https://media.api-sports.io/american-football/players/1354.png,two pt,0
22,Pittsburgh Steelers,https://media.api-sports.io/american-football/teams/22.png,Defensive,5644,Johnny Maxey,https://media.api-sports.io/american-football/players/5644.png,ff,
7,Detroit Lions,https://media.api-sports.io/american-football/teams/7.png,Defensive,1015,Kerry Hyder Jr.,https://media.api-sports.io/american-football/players/1015.png,ff,
22,Pittsburgh Steelers,https://media.api-sports.io/american-football/teams/22.png,Defensive,5892,Kevin White,https://media.api-sports.io/american-football/players/5892.png,ff,
7,Detroit Lions,https://media.api-sports.io/american-football/teams/7.png,Defensive,4403,Stefan Charles,https://media.api-sports.io/american-football/players/4403.png,ff,
22,Pittsburgh Steelers,https://media.api-sports.io/american-football/teams/22.png,Defensive,5891,Mike Reilly,https://media.api-sports.io/american-football/players/5891.png,ff,
7,Detroit Lions,https://media.api-sports.io/american-football/teams/7.png,Defensive,5488,Zaviar Gooden,https://media.api-sports.io/american-football/players/5488.png,ff,
22,Pittsburgh Steelers,https://media.api-sports.io/american-football/teams/22.png,Defensive,4277,Xavier Grimble,https://media.api-sports.io/american-football/players/4277.png,ff,
7,Detroit Lions,https://media.api-sports.io/american-football/teams/7.png,Defensive,5389,Devin Taylor,https://media.api-sports.io/american-football/players/5389.png,ff,
22,Pittsburgh Steelers,https://media.api-sports.io/american-football/teams/22.png,Defensive,5674,Ryan Shazier,https://media.api-sports.io/american-football/players/5674.png,ff,
7,Detroit Lions,https://media.api-sports.io/american-football/teams/7.png,Defensive,5756,Don Juan Carey,https://media.api-sports.io/american-football/players/5756.png,ff,
22,Pittsburgh Steelers,https://media.api-sports.io/american-football/teams/22.png,Defensive,5683,James Harrison,https://media.api-sports.io/american-football/players/5683.png,ff,
7,Detroit Lions,https://media.api-sports.io/american-football/teams/7.png,Defensive,5900,Quanterus Smith,https://media.api-sports.io/american-football/players/5900.png,ff,
22,Pittsburgh Steelers,https://media.api-sports.io/american-football/teams/22.png,Defensive,4866,Caushaud Lyons,https://media.api-sports.io/american-football/players/4866.png,ff,
7,Detroit Lions,https://media.api-sports.io/american-football/teams/7.png,Defensive,5708,Rashaad Reynolds,https://media.api-sports.io/american-football/players/5708.png,ff,
22,Pittsburgh Steelers,https://media.api-sports.io/american-football/teams/22.png,Defensive,5401,Jacob Hagen,https://media.api-sports.io/american-football/players/5401.png,ff,
7,Detroit Lions,https://media.api-sports.io/american-football/teams/7.png,Defensive,1628,Miles Killebrew,https://media.api-sports.io/american-football/players/1628.png,ff,
22,Pittsburgh Steelers,https://media.api-sports.io/american-football/teams/22.png,Defensive,5890,Jordan Zumwalt,https://media.api-sports.io/american-football/players/5890.png,ff,
7,Detroit Lions,https://media.api-sports.io/american-football/teams/7.png,Defensive,5899,Chi Chi Ariguzo,https://media.api-sports.io/american-football/players/5899.png,ff,
22,Pittsburgh Steelers,https://media.api-sports.io/american-football/teams/22.png,Defensive,2807,Ross Cockrell,https://media.api-sports.io/american-football/players/2807.png,ff,
7,Detroit Lions,https://media.api-sports.io/american-football/teams/7.png,Defensive,2208,Kyle Van Noy,https://media.api-sports.io/american-football/players/2208.png,ff,
22,Pittsburgh Steelers,https://media.api-sports.io/american-football/teams/22.png,Defensive,4060,Shamarko Thomas,https://media.api-sports.io/american-football/players/4060.png,ff,
7,Detroit Lions,https://media.api-sports.io/american-football/teams/7.png,Defensive,5898,Darrin Walls,https://media.api-sports.io/american-football/players/5898.png,ff,
22,Pittsburgh Steelers,https://media.api-sports.io/american-football/teams/22.png,Defensive,5277,Lawrence Timmons,https://media.api-sports.io/american-football/players/5277.png,ff,
7,Detroit Lions,https://media.api-sports.io/american-football/teams/7.png,Defensive,3889,Isaiah Johnson,https://media.api-sports.io/american-football/players/3889.png,ff,
22,Pittsburgh Steelers,https://media.api-sports.io/american-football/teams/22.png,Defensive,5150,Mike Mitchell,https://media.api-sports.io/american-football/players/5150.png,ff,
7,Detroit Lions,https://media.api-sports.io/american-football/teams/7.png,Defensive,4010,Antwione Williams,https://media.api-sports.io/american-football/players/4010.png,ff,
22,Pittsburgh Steelers,https://media.api-sports.io/american-football/teams/22.png,Defensive,4734,Robert Golden,https://media.api-sports.io/american-football/players/4734.png,ff,
7,Detroit Lions,https://media.api-sports.io/american-football/teams/7.png,Defensive,5897,Khaseem Greene,https://media.api-sports.io/american-football/players/5897.png,ff,
22,Pittsburgh Steelers,https://media.api-sports.io/american-football/teams/22.png,Defensive,5402,Steven Johnson,https://media.api-sports.io/american-football/players/5402.png,ff,
22,Pittsburgh Steelers,https://media.api-sports.io/american-football/teams/22.png,Defensive,3659,Daniel McCullers,https://media.api-sports.io/american-football/players/3659.png,ff,
22,Pittsburgh Steelers,https://media.api-sports.io/american-football/teams/22.png,Defensive,3294,Sean Davis,https://media.api-sports.io/american-football/players/3294.png,ff,
22,Pittsburgh Steelers,https://media.api-sports.io/american-football/teams/22.png,Defensive,3565,Vince Williams,https://media.api-sports.io/american-football/players/3565.png,ff,
22,Pittsburgh Steelers,https://media.api-sports.io/american-football/teams/22.png,Defensive,3188,L.J. Fort,https://media.api-sports.io/american-football/players/3188.png,ff,
22,Pittsburgh Steelers,https://media.api-sports.io/american-football/teams/22.png,Defensive,4639,Doran Grant,https://media.api-sports.io/american-football/players/4639.png,ff,
22,Pittsburgh Steelers,https://media.api-sports.io/american-football/teams/22.png,Punting,2863,Jordan Berry,https://media.api-sports.io/american-football/players/2863.png,in20,0
7,Detroit Lions,https://media.api-sports.io/american-football/teams/7.png,Punting,1485,Sam Martin,https://media.api-sports.io/american-football/players/1485.png,in20,1
22,Pittsburgh Steelers,https://media.api-sports.io/american-football/teams/22.png,Kicking,1630,Chris Boswell,https://media.api-sports.io/american-football/players/1630.png,field goals from 40 49 yards,0
7,Detroit Lions,https://media.api-sports.io/american-football/teams/7.png,Kicking,5841,Devon Bell,https://media.api-sports.io/american-football/players/5841.png,field goals from 40 49 yards,1
22,Pittsburgh Steelers,https://media.api-sports.io/american-football/teams/22.png,Punt_returns,4500,Demarcus Ayers,https://media.api-sports.io/american-football/players/4500.png,lg,0
7,Detroit Lions,https://media.api-sports.io/american-football/teams/7.png,Punt_returns,1354,Andre Roberts,https://media.api-sports.io/american-football/players/1354.png,lg,0
22,Pittsburgh Steelers,https://media.api-sports.io/american-football/teams/22.png,Kick_returns,4503,Fitzgerald Toussaint,https://media.api-sports.io/american-football/players/4503.png,kick return td,
7,Detroit Lions,https://media.api-sports.io/american-football/teams/7.png,Kick_returns,4551,Jeremy Kerley,https://media.api-sports.io/american-football/players/4551.png,kick return td,
22,Pittsburgh Steelers,https://media.api-sports.io/american-football/teams/22.png,Defensive,5896,Montell Garner,https://media.api-sports.io/american-football/players/5896.png,exp return td,
7,Detroit Lions,https://media.api-sports.io/american-football/teams/7.png,Defensive,1930,Dwayne Washington,https://media.api-sports.io/american-football/players/1930.png,exp return td,
22,Pittsburgh Steelers,https://media.api-sports.io/american-football/teams/22.png,Interceptions,4639,Doran Grant,https://media.api-sports.io/american-football/players/4639.png,yards,39
7,Detroit Lions,https://media.api-sports.io/american-football/teams/7.png,Fumbles,3738,Jake Rudock,https://media.api-sports.io/american-football/players/3738.png,rec,1
22,Pittsburgh Steelers,https://media.api-sports.io/american-football/teams/22.png,Fumbles,628,Jesse James,https://media.api-sports.io/american-football/players/628.png,rec,1
7,Detroit Lions,https://media.api-sports.io/american-football/teams/7.png,Receiving,3713,TJ Jones,https://media.api-sports.io/american-football/players/3713.png,longest reception,-1
22,Pittsburgh Steelers,https://media.api-sports.io/american-football/teams/22.png,Receiving,4576,Marcus Tucker,https://media.api-sports.io/american-football/players/4576.png,longest reception,0
7,Detroit Lions,https://media.api-sports.io/american-football/teams/7.png,Rushing,5512,George Winn,https://media.api-sports.io/american-football/players/5512.png,kick return td,
22,Pittsburgh Steelers,https://media.api-sports.io/american-football/teams/22.png,Rushing,4510,Sammie Coates Jr.,https://media.api-sports.io/american-football/players/4510.png,kick return td,
7,Detroit Lions,https://media.api-sports.io/american-football/teams/7.png,Passing,2227,Matthew Stafford,https://media.api-sports.io/american-football/players/2227.png,rating,97.9
22,Pittsburgh Steelers,https://media.api-sports.io/american-football/teams/22.png,Passing,5844,Bruce Gradkowski,https://media.api-sports.io/american-football/players/5844.png,rating,97.2
22,Pittsburgh Steelers,https://media.api-sports.io/american-football/teams/22.png,Punting,5423,Will Monday,https://media.api-sports.io/american-football/players/5423.png,in20,0
7,Detroit Lions,https://media.api-sports.io/american-football/teams/7.png,Punting,5841,Devon Bell,https://media.api-sports.io/american-football/players/5841.png,in20,1
7,Detroit Lions,https://media.api-sports.io/american-football/teams/7.png,Kicking,826,Matt Prater,https://media.api-sports.io/american-football/players/826.png,field goals from 40 49 yards,0
7,Detroit Lions,https://media.api-sports.io/american-football/teams/7.png,Punt_returns,4551,Jeremy Kerley,https://media.api-sports.io/american-football/players/4551.png,lg,10
22,Pittsburgh Steelers,https://media.api-sports.io/american-football/teams/22.png,Kick_returns,5718,Daryl Richardson,https://media.api-sports.io/american-football/players/5718.png,kick return td,
7,Detroit Lions,https://media.api-sports.io/american-football/teams/7.png,Kick_returns,1354,Andre Roberts,https://media.api-sports.io/american-football/players/1354.png,kick return td,
22,Pittsburgh Steelers,https://media.api-sports.io/american-football/teams/22.png,Defensive,4102,Lavon Hooks,https://media.api-sports.io/american-football/players/4102.png,exp return td,
7,Detroit Lions,https://media.api-sports.io/american-football/teams/7.png,Defensive,825,Charles Washington,https://media.api-sports.io/american-football/players/825.png,exp return td,
7,Detroit Lions,https://media.api-sports.io/american-football/teams/7.png,Fumbles,3713,TJ Jones,https://media.api-sports.io/american-football/players/3713.png,rec,0
22,Pittsburgh Steelers,https://media.api-sports.io/american-football/teams/22.png,Fumbles,5210,Dustin Vaughan,https://media.api-sports.io/american-football/players/5210.png,rec,1
7,Detroit Lions,https://media.api-sports.io/american-football/teams/7.png,Receiving,3610,Theo Riddick,https://media.api-sports.io/american-football/players/3610.png,longest reception,2
22,Pittsburgh Steelers,https://media.api-sports.io/american-football/teams/22.png,Receiving,5864,Levi Norwood,https://media.api-sports.io/american-football/players/5864.png,longest reception,0
7,Detroit Lions,https://media.api-sports.io/american-football/teams/7.png,Rushing,2227,Matthew Stafford,https://media.api-sports.io/american-football/players/2227.png,kick return td,
22,Pittsburgh Steelers,https://media.api-sports.io/american-football/teams/22.png,Rushing,5851,Cameron Stingily,https://media.api-sports.io/american-football/players/5851.png,kick return td,
7,Detroit Lions,https://media.api-sports.io/american-football/teams/7.png,Passing,3738,Jake Rudock,https://media.api-sports.io/american-football/players/3738.png,rating,120.3
22,Pittsburgh Steelers,https://media.api-sports.io/american-football/teams/22.png,Passing,5210,Dustin Vaughan,https://media.api-sports.io/american-football/players/5210.png,rating,66.5
7,Detroit Lions,https://media.api-sports.io/american-football/teams/7.png,Punt_returns,4799,Jace Billingsley,https://media.api-sports.io/american-football/players/4799.png,lg,23
7,Detroit Lions,https://media.api-sports.io/american-football/teams/7.png,Kick_returns,1930,Dwayne Washington,https://media.api-sports.io/american-football/players/1930.png,kick return td,
22,Pittsburgh Steelers,https://media.api-sports.io/american-football/teams/22.png,Defensive,5862,Paul Lang,https://media.api-sports.io/american-football/players/5862.png,exp return td,
7,Detroit Lions,https://media.api-sports.io/american-football/teams/7.png,Defensive,3508,Tahir Whitehead,https://media.api-sports.io/american-football/players/3508.png,exp return td,
7,Detroit Lions,https://media.api-sports.io/american-football/teams/7.png,Fumbles,5512,George Winn,https://media.api-sports.io/american-football/players/5512.png,rec,1
22,Pittsburgh Steelers,https://media.api-sports.io/american-football/teams/22.png,Fumbles,4510,Sammie Coates Jr.,https://media.api-sports.io/american-football/players/4510.png,rec,0
7,Detroit Lions,https://media.api-sports.io/american-football/teams/7.png,Receiving,5866,Adam Fuehne,https://media.api-sports.io/american-football/players/5866.png,longest reception,5
22,Pittsburgh Steelers,https://media.api-sports.io/american-football/teams/22.png,Receiving,5863,Issac Blakeney,https://media.api-sports.io/american-football/players/5863.png,longest reception,0
7,Detroit Lions,https://media.api-sports.io/american-football/teams/7.png,Rushing,1930,Dwayne Washington,https://media.api-sports.io/american-football/players/1930.png,kick return td,
22,Pittsburgh Steelers,https://media.api-sports.io/american-football/teams/22.png,Rushing,5850,Brandon Brown-Dukes,https://media.api-sports.io/american-football/players/5850.png,kick return td,
7,Detroit Lions,https://media.api-sports.io/american-football/teams/7.png,Passing,5428,Dan Orlovsky,https://media.api-sports.io/american-football/players/5428.png,rating,79.4
22,Pittsburgh Steelers,https://media.api-sports.io/american-football/teams/22.png,Passing,4515,Landry Jones,https://media.api-sports.io/american-football/players/4515.png,rating,90.6
22,Pittsburgh Steelers,https://media.api-sports.io/american-football/teams/22.png,Defensive,5895,Ray Vinopal,https://media.api-sports.io/american-football/players/5895.png,exp return td,
7,Detroit Lions,https://media.api-sports.io/american-football/teams/7.png,Defensive,2276,A'Shawn Robinson,https://media.api-sports.io/american-football/players/2276.png,exp return td,
7,Detroit Lions,https://media.api-sports.io/american-football/teams/7.png,Fumbles,5428,Dan Orlovsky,https://media.api-sports.io/american-football/players/5428.png,rec,1
22,Pittsburgh Steelers,https://media.api-sports.io/american-football/teams/22.png,Fumbles,4870,Arthur Moats,https://media.api-sports.io/american-football/players/4870.png,rec,1
7,Detroit Lions,https://media.api-sports.io/american-football/teams/7.png,Receiving,4530,Stevan Ridley,https://media.api-sports.io/american-football/players/4530.png,longest reception,5
22,Pittsburgh Steelers,https://media.api-sports.io/american-football/teams/22.png,Receiving,5636,David Johnson,https://media.api-sports.io/american-football/players/5636.png,longest reception,2
7,Detroit Lions,https://media.api-sports.io/american-football/teams/7.png,Rushing,4530,Stevan Ridley,https://media.api-sports.io/american-football/players/4530.png,kick return td,
22,Pittsburgh Steelers,https://media.api-sports.io/american-football/teams/22.png,Rushing,4276,Eli Rogers,https://media.api-sports.io/american-football/players/4276.png,kick return td,
22,Pittsburgh Steelers,https://media.api-sports.io/american-football/teams/22.png,Defensive,4503,Fitzgerald Toussaint,https://media.api-sports.io/american-football/players/4503.png,exp return td,
7,Detroit Lions,https://media.api-sports.io/american-football/teams/7.png,Defensive,3234,Tavon Wilson,https://media.api-sports.io/american-football/players/3234.png,exp return td,
7,Detroit Lions,https://media.api-sports.io/american-football/teams/7.png,Fumbles,2227,Matthew Stafford,https://media.api-sports.io/american-football/players/2227.png,rec,0
7,Detroit Lions,https://media.api-sports.io/american-football/teams/7.png,Receiving,3827,Cole Wick,https://media.api-sports.io/american-football/players/3827.png,longest reception,10
22,Pittsburgh Steelers,https://media.api-sports.io/american-football/teams/22.png,Receiving,628,Jesse James,https://media.api-sports.io/american-football/players/628.png,longest reception,4
7,Detroit Lions,https://media.api-sports.io/american-football/teams/7.png,Rushing,3610,Theo Riddick,https://media.api-sports.io/american-football/players/3610.png,kick return td,
22,Pittsburgh Steelers,https://media.api-sports.io/american-football/teams/22.png,Rushing,4503,Fitzgerald Toussaint,https://media.api-sports.io/american-football/players/4503.png,kick return td,
22,Pittsburgh Steelers,https://media.api-sports.io/american-football/teams/22.png,Defensive,3581,Jordan Dangerfield,https://media.api-sports.io/american-football/players/3581.png,exp return td,
7,Detroit Lions,https://media.api-sports.io/american-football/teams/7.png,Defensive,5903,Crezdon Butler,https://media.api-sports.io/american-football/players/5903.png,exp return td,
7,Detroit Lions,https://media.api-sports.io/american-football/teams/7.png,Fumbles,337,Brandon Copeland,https://media.api-sports.io/american-football/players/337.png,rec,1
7,Detroit Lions,https://media.api-sports.io/american-football/teams/7.png,Receiving,5865,Quinshad Davis,https://media.api-sports.io/american-football/players/5865.png,longest reception,9
22,Pittsburgh Steelers,https://media.api-sports.io/american-football/teams/22.png,Receiving,4500,Demarcus Ayers,https://media.api-sports.io/american-football/players/4500.png,longest reception,5
7,Detroit Lions,https://media.api-sports.io/american-football/teams/7.png,Rushing,3738,Jake Rudock,https://media.api-sports.io/american-football/players/3738.png,kick return td,
22,Pittsburgh Steelers,https://media.api-sports.io/american-football/teams/22.png,Rushing,5844,Bruce Gradkowski,https://media.api-sports.io/american-football/players/5844.png,kick return td,
22,Pittsburgh Steelers,https://media.api-sports.io/american-football/teams/22.png,Defensive,4576,Marcus Tucker,https://media.api-sports.io/american-football/players/4576.png,exp return td,
7,Detroit Lions,https://media.api-sports.io/american-football/teams/7.png,Defensive,1695,Quandre Diggs,https://media.api-sports.io/american-football/players/1695.png,exp return td,
7,Detroit Lions,https://media.api-sports.io/american-football/teams/7.png,Receiving,3803,Orson Charles,https://media.api-sports.io/american-football/players/3803.png,longest reception,10
22,Pittsburgh Steelers,https://media.api-sports.io/american-football/teams/22.png,Receiving,4276,Eli Rogers,https://media.api-sports.io/american-football/players/4276.png,longest reception,8
7,Detroit Lions,https://media.api-sports.io/american-football/teams/7.png,Rushing,3759,Zach Zenner,https://media.api-sports.io/american-football/players/3759.png,kick return td,
22,Pittsburgh Steelers,https://media.api-sports.io/american-football/teams/22.png,Rushing,4500,Demarcus Ayers,https://media.api-sports.io/american-football/players/4500.png,kick return td,
22,Pittsburgh Steelers,https://media.api-sports.io/american-football/teams/22.png,Defensive,873,Javon Hargrave,https://media.api-sports.io/american-football/players/873.png,exp return td,
7,Detroit Lions,https://media.api-sports.io/american-football/teams/7.png,Defensive,3398,Gabe Wright,https://media.api-sports.io/american-football/players/3398.png,exp return td,
7,Detroit Lions,https://media.api-sports.io/american-football/teams/7.png,Receiving,1930,Dwayne Washington,https://media.api-sports.io/american-football/players/1930.png,longest reception,15
22,Pittsburgh Steelers,https://media.api-sports.io/american-football/teams/22.png,Receiving,5862,Paul Lang,https://media.api-sports.io/american-football/players/5862.png,longest reception,13
22,Pittsburgh Steelers,https://media.api-sports.io/american-football/teams/22.png,Rushing,5718,Daryl Richardson,https://media.api-sports.io/american-football/players/5718.png,kick return td,
22,Pittsburgh Steelers,https://media.api-sports.io/american-football/teams/22.png,Defensive,3602,Anthony Chickillo,https://media.api-sports.io/american-football/players/3602.png,exp return td,
7,Detroit Lions,https://media.api-sports.io/american-football/teams/7.png,Defensive,5902,Keith Lewis,https://media.api-sports.io/american-football/players/5902.png,exp return td,
7,Detroit Lions,https://media.api-sports.io/american-football/teams/7.png,Receiving,81,Marvin Jones Jr.,https://media.api-sports.io/american-football/players/81.png,longest reception,16
22,Pittsburgh Steelers,https://media.api-sports.io/american-football/teams/22.png,Receiving,5718,Daryl Richardson,https://media.api-sports.io/american-football/players/5718.png,longest reception,9
22,Pittsburgh Steelers,https://media.api-sports.io/american-football/teams/22.png,Defensive,3881,L.T. Walton,https://media.api-sports.io/american-football/players/3881.png,exp return td,
7,Detroit Lions,https://media.api-sports.io/american-football/teams/7.png,Defensive,3357,Nevin Lawson,https://media.api-sports.io/american-football/players/3357.png,exp return td,
7,Detroit Lions,https://media.api-sports.io/american-football/teams/7.png,Receiving,5512,George Winn,https://media.api-sports.io/american-football/players/5512.png,longest reception,19
22,Pittsburgh Steelers,https://media.api-sports.io/american-football/teams/22.png,Receiving,4510,Sammie Coates Jr.,https://media.api-sports.io/american-football/players/4510.png,longest reception,12
22,Pittsburgh Steelers,https://media.api-sports.io/american-football/teams/22.png,Defensive,4870,Arthur Moats,https://media.api-sports.io/american-football/players/4870.png,exp return td,
7,Detroit Lions,https://media.api-sports.io/american-football/teams/7.png,Defensive,3643,Caraun Reid,https://media.api-sports.io/american-football/players/3643.png,exp return td,
7,Detroit Lions,https://media.api-sports.io/american-football/teams/7.png,Receiving,5564,Anquan Boldin,https://media.api-sports.io/american-football/players/5564.png,longest reception,30
22,Pittsburgh Steelers,https://media.api-sports.io/american-football/teams/22.png,Receiving,5033,Cobi Hamilton,https://media.api-sports.io/american-football/players/5033.png,longest reception,16
22,Pittsburgh Steelers,https://media.api-sports.io/american-football/teams/22.png,Defensive,5894,Ricardo Mathews,https://media.api-sports.io/american-football/players/5894.png,exp return td,
7,Detroit Lions,https://media.api-sports.io/american-football/teams/7.png,Defensive,5531,Khyri Thornton,https://media.api-sports.io/american-football/players/5531.png,exp return td,
7,Detroit Lions,https://media.api-sports.io/american-football/teams/7.png,Receiving,3759,Zach Zenner,https://media.api-sports.io/american-football/players/3759.png,longest reception,20
22,Pittsburgh Steelers,https://media.api-sports.io/american-football/teams/22.png,Receiving,4888,Darrius Heyward-Bey,https://media.api-sports.io/american-football/players/4888.png,longest reception,29
22,Pittsburgh Steelers,https://media.api-sports.io/american-football/teams/22.png,Defensive,5893,Cody Wallace,https://media.api-sports.io/american-football/players/5893.png,exp return td,
7,Detroit Lions,https://media.api-sports.io/american-football/teams/7.png,Defensive,5901,Travis Swanson,https://media.api-sports.io/american-football/players/5901.png,exp return td,
7,Detroit Lions,https://media.api-sports.io/american-football/teams/7.png,Receiving,4799,Jace Billingsley,https://media.api-sports.io/american-football/players/4799.png,longest reception,27
22,Pittsburgh Steelers,https://media.api-sports.io/american-football/teams/22.png,Defensive,4993,William Gay,https://media.api-sports.io/american-football/players/4993.png,exp return td,
7,Detroit Lions,https://media.api-sports.io/american-football/teams/7.png,Defensive,4025,Johnson Bademosi,https://media.api-sports.io/american-football/players/4025.png,exp return td,
7,Detroit Lions,https://media.api-sports.io/american-football/teams/7.png,Receiving,4551,Jeremy Kerley,https://media.api-sports.io/american-football/players/4551.png,longest reception,13
22,Pittsburgh Steelers,https://media.api-sports.io/american-football/teams/22.png,Defensive,1466,Tyler Matakevich,https://media.api-sports.io/american-football/players/1466.png,exp return td,
7,Detroit Lions,https://media.api-sports.io/american-football/teams/7.png,Defensive,3918,Anthony Zettel,https://media.api-sports.io/american-football/players/3918.png,exp return td,
7,Detroit Lions,https://media.api-sports.io/american-football/teams/7.png,Receiving,1354,Andre Roberts,https://media.api-sports.io/american-football/players/1354.png,longest reception,28
22,Pittsburgh Steelers,https://media.api-sports.io/american-football/teams/22.png,Defensive,5644,Johnny Maxey,https://media.api-sports.io/american-football/players/5644.png,exp return td,
7,Detroit Lions,https://media.api-sports.io/american-football/teams/7.png,Defensive,1015,Kerry Hyder Jr.,https://media.api-sports.io/american-football/players/1015.png,exp return td,
22,Pittsburgh Steelers,https://media.api-sports.io/american-football/teams/22.png,Defensive,5892,Kevin White,https://media.api-sports.io/american-football/players/5892.png,exp return td,
7,Detroit Lions,https://media.api-sports.io/american-football/teams/7.png,Defensive,4403,Stefan Charles,https://media.api-sports.io/american-football/players/4403.png,exp return td,
22,Pittsburgh Steelers,https://media.api-sports.io/american-football/teams/22.png,Defensive,5891,Mike Reilly,https://media.api-sports.io/american-football/players/5891.png,exp return td,
7,Detroit Lions,https://media.api-sports.io/american-football/teams/7.png,Defensive,5488,Zaviar Gooden,https://media.api-sports.io/american-football/players/5488.png,exp return td,
22,Pittsburgh Steelers,https://media.api-sports.io/american-football/teams/22.png,Defensive,4277,Xavier Grimble,https://media.api-sports.io/american-football/players/4277.png,exp return td,
7,Detroit Lions,https://media.api-sports.io/american-football/teams/7.png,Defensive,5389,Devin Taylor,https://media.api-sports.io/american-football/players/5389.png,exp return td,
22,Pittsburgh Steelers,https://media.api-sports.io/american-football/teams/22.png,Defensive,5674,Ryan Shazier,https://media.api-sports.io/american-football/players/5674.png,exp return td,
7,Detroit Lions,https://media.api-sports.io/american-football/teams/7.png,Defensive,5756,Don Juan Carey,https://media.api-sports.io/american-football/players/5756.png,exp return td,
22,Pittsburgh Steelers,https://media.api-sports.io/american-football/teams/22.png,Defensive,5683,James Harrison,https://media.api-sports.io/american-football/players/5683.png,exp return td,
7,Detroit Lions,https://media.api-sports.io/american-football/teams/7.png,Defensive,5900,Quanterus Smith,https://media.api-sports.io/american-football/players/5900.png,exp return td,
22,Pittsburgh Steelers,https://media.api-sports.io/american-football/teams/22.png,Defensive,4866,Caushaud Lyons,https://media.api-sports.io/american-football/players/4866.png,exp return td,
7,Detroit Lions,https://media.api-sports.io/american-football/teams/7.png,Defensive,5708,Rashaad Reynolds,https://media.api-sports.io/american-football/players/5708.png,exp return td,
22,Pittsburgh Steelers,https://media.api-sports.io/american-football/teams/22.png,Defensive,5401,Jacob Hagen,https://media.api-sports.io/american-football/players/5401.png,exp return td,
7,Detroit Lions,https://media.api-sports.io/american-football/teams/7.png,Defensive,1628,Miles Killebrew,https://media.api-sports.io/american-football/players/1628.png,exp return td,
22,Pittsburgh Steelers,https://media.api-sports.io/american-football/teams/22.png,Defensive,5890,Jordan Zumwalt,https://media.api-sports.io/american-football/players/5890.png,exp return td,
7,Detroit Lions,https://media.api-sports.io/american-football/teams/7.png,Defensive,5899,Chi Chi Ariguzo,https://media.api-sports.io/american-football/players/5899.png,exp return td,
22,Pittsburgh Steelers,https://media.api-sports.io/american-football/teams/22.png,Defensive,2807,Ross Cockrell,https://media.api-sports.io/american-football/players/2807.png,exp return td,
7,Detroit Lions,https://media.api-sports.io/american-football/teams/7.png,Defensive,2208,Kyle Van Noy,https://media.api-sports.io/american-football/players/2208.png,exp return td,
22,Pittsburgh Steelers,https://media.api-sports.io/american-football/teams/22.png,Defensive,4060,Shamarko Thomas,https://media.api-sports.io/american-football/players/4060.png,exp return td,
7,Detroit Lions,https://media.api-sports.io/american-football/teams/7.png,Defensive,5898,Darrin Walls,https://media.api-sports.io/american-football/players/5898.png,exp return td,
22,Pittsburgh Steelers,https://media.api-sports.io/american-football/teams/22.png,Defensive,5277,Lawrence Timmons,https://media.api-sports.io/american-football/players/5277.png,exp return td,
7,Detroit Lions,https://media.api-sports.io/american-football/teams/7.png,Defensive,3889,Isaiah Johnson,https://media.api-sports.io/american-football/players/3889.png,exp return td,
22,Pittsburgh Steelers,https://media.api-sports.io/american-football/teams/22.png,Defensive,5150,Mike Mitchell,https://media.api-sports.io/american-football/players/5150.png,exp return td,
7,Detroit Lions,https://media.api-sports.io/american-football/teams/7.png,Defensive,4010,Antwione Williams,https://media.api-sports.io/american-football/players/4010.png,exp return td,
22,Pittsburgh Steelers,https://media.api-sports.io/american-football/teams/22.png,Defensive,4734,Robert Golden,https://media.api-sports.io/american-football/players/4734.png,exp return td,
7,Detroit Lions,https://media.api-sports.io/american-football/teams/7.png,Defensive,5897,Khaseem Greene,https://media.api-sports.io/american-football/players/5897.png,exp return td,
22,Pittsburgh Steelers,https://media.api-sports.io/american-football/teams/22.png,Defensive,5402,Steven Johnson,https://media.api-sports.io/american-football/players/5402.png,exp return td,
22,Pittsburgh Steelers,https://media.api-sports.io/american-football/teams/22.png,Defensive,3659,Daniel McCullers,https://media.api-sports.io/american-football/players/3659.png,exp return td,
22,Pittsburgh Steelers,https://media.api-sports.io/american-football/teams/22.png,Defensive,3294,Sean Davis,https://media.api-sports.io/american-football/players/3294.png,exp return td,
22,Pittsburgh Steelers,https://media.api-sports.io/american-football/teams/22.png,Defensive,3565,Vince Williams,https://media.api-sports.io/american-football/players/3565.png,exp return td,
22,Pittsburgh Steelers,https://media.api-sports.io/american-football/teams/22.png,Defensive,3188,L.J. Fort,https://media.api-sports.io/american-football/players/3188.png,exp return td,
22,Pittsburgh Steelers,https://media.api-sports.io/american-football/teams/22.png,Defensive,4639,Doran Grant,https://media.api-sports.io/american-football/players/4639.png,exp return td,
22,Pittsburgh Steelers,https://media.api-sports.io/american-football/teams/22.png,Punting,2863,Jordan Berry,https://media.api-sports.io/american-football/players/2863.png,touchbacks,0
7,Detroit Lions,https://media.api-sports.io/american-football/teams/7.png,Punting,1485,Sam Martin,https://media.api-sports.io/american-football/players/1485.png,touchbacks,0
22,Pittsburgh Steelers,https://media.api-sports.io/american-football/teams/22.png,Kicking,1630,Chris Boswell,https://media.api-sports.io/american-football/players/1630.png,field goals from 30 39 yards,1
7,Detroit Lions,https://media.api-sports.io/american-football/teams/7.png,Kicking,5841,Devon Bell,https://media.api-sports.io/american-football/players/5841.png,field goals from 30 39 yards,0
22,Pittsburgh Steelers,https://media.api-sports.io/american-football/teams/22.png,Punt_returns,4500,Demarcus Ayers,https://media.api-sports.io/american-football/players/4500.png,average,0.0
7,Detroit Lions,https://media.api-sports.io/american-football/teams/7.png,Punt_returns,1354,Andre Roberts,https://media.api-sports.io/american-football/players/1354.png,average,0.0
22,Pittsburgh Steelers,https://media.api-sports.io/american-football/teams/22.png,Kick_returns,4503,Fitzgerald Toussaint,https://media.api-sports.io/american-football/players/4503.png,td,0
7,Detroit Lions,https://media.api-sports.io/american-football/teams/7.png,Kick_returns,4551,Jeremy Kerley,https://media.api-sports.io/american-football/players/4551.png,td,0
22,Pittsburgh Steelers,https://media.api-sports.io/american-football/teams/22.png,Defensive,5896,Montell Garner,https://media.api-sports.io/american-football/players/5896.png,kick return td,
7,Detroit Lions,https://media.api-sports.io/american-football/teams/7.png,Defensive,1930,Dwayne Washington,https://media.api-sports.io/american-football/players/1930.png,kick return td,
22,Pittsburgh Steelers,https://media.api-sports.io/american-football/teams/22.png,Interceptions,4639,Doran Grant,https://media.api-sports.io/american-football/players/4639.png,total interceptions,1
7,Detroit Lions,https://media.api-sports.io/american-football/teams/7.png,Fumbles,3738,Jake Rudock,https://media.api-sports.io/american-football/players/3738.png,lost,0
22,Pittsburgh Steelers,https://media.api-sports.io/american-football/teams/22.png,Fumbles,628,Jesse James,https://media.api-sports.io/american-football/players/628.png,lost,0
7,Detroit Lions,https://media.api-sports.io/american-football/teams/7.png,Receiving,3713,TJ Jones,https://media.api-sports.io/american-football/players/3713.png,receiving touch downs,0
22,Pittsburgh Steelers,https://media.api-sports.io/american-football/teams/22.png,Receiving,4576,Marcus Tucker,https://media.api-sports.io/american-football/players/4576.png,receiving touch downs,0
7,Detroit Lions,https://media.api-sports.io/american-football/teams/7.png,Rushing,5512,George Winn,https://media.api-sports.io/american-football/players/5512.png,two pt,0
22,Pittsburgh Steelers,https://media.api-sports.io/american-football/teams/22.png,Rushing,4510,Sammie Coates Jr.,https://media.api-sports.io/american-football/players/4510.png,two pt,0
7,Detroit Lions,https://media.api-sports.io/american-football/teams/7.png,Passing,2227,Matthew Stafford,https://media.api-sports.io/american-football/players/2227.png,sacks,1-10
22,Pittsburgh Steelers,https://media.api-sports.io/american-football/teams/22.png,Passing,5844,Bruce Gradkowski,https://media.api-sports.io/american-football/players/5844.png,sacks,0-0
22,Pittsburgh Steelers,https://media.api-sports.io/american-football/teams/22.png,Punting,5423,Will Monday,https://media.api-sports.io/american-football/players/5423.png,touchbacks,0
7,Detroit Lions,https://media.api-sports.io/american-football/teams/7.png,Punting,5841,Devon Bell,https://media.api-sports.io/american-football/players/5841.png,touchbacks,0
7,Detroit Lions,https://media.api-sports.io/american-football/teams/7.png,Kicking,826,Matt Prater,https://media.api-sports.io/american-football/players/826.png,field goals from 30 39 yards,1
7,Detroit Lions,https://media.api-sports.io/american-football/teams/7.png,Punt_returns,4551,Jeremy Kerley,https://media.api-sports.io/american-football/players/4551.png,average,10.0
22,Pittsburgh Steelers,https://media.api-sports.io/american-football/teams/22.png,Kick_returns,5718,Daryl Richardson,https://media.api-sports.io/american-football/players/5718.png,td,0
7,Detroit Lions,https://media.api-sports.io/american-football/teams/7.png,Kick_returns,1354,Andre Roberts,https://media.api-sports.io/american-football/players/1354.png,td,0
22,Pittsburgh Steelers,https://media.api-sports.io/american-football/teams/22.png,Defensive,4102,Lavon Hooks,https://media.api-sports.io/american-football/players/4102.png,kick return td,
7,Detroit Lions,https://media.api-sports.io/american-football/teams/7.png,Defensive,825,Charles Washington,https://media.api-sports.io/american-football/players/825.png,kick return td,
7,Detroit Lions,https://media.api-sports.io/american-football/teams/7.png,Fumbles,3713,TJ Jones,https://media.api-sports.io/american-football/players/3713.png,lost,0
22,Pittsburgh Steelers,https://media.api-sports.io/american-football/teams/22.png,Fumbles,5210,Dustin Vaughan,https://media.api-sports.io/american-football/players/5210.png,lost,0
7,Detroit Lions,https://media.api-sports.io/american-football/teams/7.png,Receiving,3610,Theo Riddick,https://media.api-sports.io/american-football/players/3610.png,receiving touch downs,0
22,Pittsburgh Steelers,https://media.api-sports.io/american-football/teams/22.png,Receiving,5864,Levi Norwood,https://media.api-sports.io/american-football/players/5864.png,receiving touch downs,0
7,Detroit Lions,https://media.api-sports.io/american-football/teams/7.png,Rushing,2227,Matthew Stafford,https://media.api-sports.io/american-football/players/2227.png,two pt,0
22,Pittsburgh Steelers,https://media.api-sports.io/american-football/teams/22.png,Rushing,5851,Cameron Stingily,https://media.api-sports.io/american-football/players/5851.png,two pt,0
7,Detroit Lions,https://media.api-sports.io/american-football/teams/7.png,Passing,3738,Jake Rudock,https://media.api-sports.io/american-football/players/3738.png,sacks,0-0
22,Pittsburgh Steelers,https://media.api-sports.io/american-football/teams/22.png,Passing,5210,Dustin Vaughan,https://media.api-sports.io/american-football/players/5210.png,sacks,3-16
7,Detroit Lions,https://media.api-sports.io/american-football/teams/7.png,Punt_returns,4799,Jace Billingsley,https://media.api-sports.io/american-football/players/4799.png,average,13.7
7,Detroit Lions,https://media.api-sports.io/american-football/teams/7.png,Kick_returns,1930,Dwayne Washington,https://media.api-sports.io/american-football/players/1930.png,td,1
22,Pittsburgh Steelers,https://media.api-sports.io/american-football/teams/22.png,Defensive,5862,Paul Lang,https://media.api-sports.io/american-football/players/5862.png,kick return td,
7,Detroit Lions,https://media.api-sports.io/american-football/teams/7.png,Defensive,3508,Tahir Whitehead,https://media.api-sports.io/american-football/players/3508.png,kick return td,
7,Detroit Lions,https://media.api-sports.io/american-football/teams/7.png,Fumbles,5512,George Winn,https://media.api-sports.io/american-football/players/5512.png,lost,0
22,Pittsburgh Steelers,https://media.api-sports.io/american-football/teams/22.png,Fumbles,4510,Sammie Coates Jr.,https://media.api-sports.io/american-football/players/4510.png,lost,1
7,Detroit Lions,https://media.api-sports.io/american-football/teams/7.png,Receiving,5866,Adam Fuehne,https://media.api-sports.io/american-football/players/5866.png,receiving touch downs,0
22,Pittsburgh Steelers,https://media.api-sports.io/american-football/teams/22.png,Receiving,5863,Issac Blakeney,https://media.api-sports.io/american-football/players/5863.png,receiving touch downs,0
7,Detroit Lions,https://media.api-sports.io/american-football/teams/7.png,Rushing,1930,Dwayne Washington,https://media.api-sports.io/american-football/players/1930.png,two pt,0
22,Pittsburgh Steelers,https://media.api-sports.io/american-football/teams/22.png,Rushing,5850,Brandon Brown-Dukes,https://media.api-sports.io/american-football/players/5850.png,two pt,0
7,Detroit Lions,https://media.api-sports.io/american-football/teams/7.png,Passing,5428,Dan Orlovsky,https://media.api-sports.io/american-football/players/5428.png,sacks,0-0
22,Pittsburgh Steelers,https://media.api-sports.io/american-football/teams/22.png,Passing,4515,Landry Jones,https://media.api-sports.io/american-football/players/4515.png,sacks,1-9
22,Pittsburgh Steelers,https://media.api-sports.io/american-football/teams/22.png,Defensive,5895,Ray Vinopal,https://media.api-sports.io/american-football/players/5895.png,kick return td,
7,Detroit Lions,https://media.api-sports.io/american-football/teams/7.png,Defensive,2276,A'Shawn Robinson,https://media.api-sports.io/american-football/players/2276.png,kick return td,
7,Detroit Lions,https://media.api-sports.io/american-football/teams/7.png,Fumbles,5428,Dan Orlovsky,https://media.api-sports.io/american-football/players/5428.png,lost,0
22,Pittsburgh Steelers,https://media.api-sports.io/american-football/teams/22.png,Fumbles,4870,Arthur Moats,https://media.api-sports.io/american-football/players/4870.png,lost,0
7,Detroit Lions,https://media.api-sports.io/american-football/teams/7.png,Receiving,4530,Stevan Ridley,https://media.api-sports.io/american-football/players/4530.png,receiving touch downs,0
22,Pittsburgh Steelers,https://media.api-sports.io/american-football/teams/22.png,Receiving,5636,David Johnson,https://media.api-sports.io/american-football/players/5636.png,receiving touch downs,0
7,Detroit Lions,https://media.api-sports.io/american-football/teams/7.png,Rushing,4530,Stevan Ridley,https://media.api-sports.io/american-football/players/4530.png,two pt,0
22,Pittsburgh Steelers,https://media.api-sports.io/american-football/teams/22.png,Rushing,4276,Eli Rogers,https://media.api-sports.io/american-football/players/4276.png,two pt,0
22,Pittsburgh Steelers,https://media.api-sports.io/american-football/teams/22.png,Defensive,4503,Fitzgerald Toussaint,https://media.api-sports.io/american-football/players/4503.png,kick return td,
7,Detroit Lions,https://media.api-sports.io/american-football/teams/7.png,Defensive,3234,Tavon Wilson,https://media.api-sports.io/american-football/players/3234.png,kick return td,
7,Detroit Lions,https://media.api-sports.io/american-football/teams/7.png,Fumbles,2227,Matthew Stafford,https://media.api-sports.io/american-football/players/2227.png,lost,1
7,Detroit Lions,https://media.api-sports.io/american-football/teams/7.png,Receiving,3827,Cole Wick,https://media.api-sports.io/american-football/players/3827.png,receiving touch downs,0
22,Pittsburgh Steelers,https://media.api-sports.io/american-football/teams/22.png,Receiving,628,Jesse James,https://media.api-sports.io/american-football/players/628.png,receiving touch downs,0
7,Detroit Lions,https://media.api-sports.io/american-football/teams/7.png,Rushing,3610,Theo Riddick,https://media.api-sports.io/american-football/players/3610.png,two pt,0
22,Pittsburgh Steelers,https://media.api-sports.io/american-football/teams/22.png,Rushing,4503,Fitzgerald Toussaint,https://media.api-sports.io/american-football/players/4503.png,two pt,0
22,Pittsburgh Steelers,https://media.api-sports.io/american-football/teams/22.png,Defensive,3581,Jordan Dangerfield,https://media.api-sports.io/american-football/players/3581.png,kick return td,
7,Detroit Lions,https://media.api-sports.io/american-football/teams/7.png,Defensive,5903,Crezdon Butler,https://media.api-sports.io/american-football/players/5903.png,kick return td,
7,Detroit Lions,https://media.api-sports.io/american-football/teams/7.png,Fumbles,337,Brandon Copeland,https://media.api-sports.io/american-football/players/337.png,lost,0
7,Detroit Lions,https://media.api-sports.io/american-football/teams/7.png,Receiving,5865,Quinshad Davis,https://media.api-sports.io/american-football/players/5865.png,receiving touch downs,0
22,Pittsburgh Steelers,https://media.api-sports.io/american-football/teams/22.png,Receiving,4500,Demarcus Ayers,https://media.api-sports.io/american-football/players/4500.png,receiving touch downs,0
7,Detroit Lions,https://media.api-sports.io/american-football/teams/7.png,Rushing,3738,Jake Rudock,https://media.api-sports.io/american-football/players/3738.png,two pt,0
22,Pittsburgh Steelers,https://media.api-sports.io/american-football/teams/22.png,Rushing,5844,Bruce Gradkowski,https://media.api-sports.io/american-football/players/5844.png,two pt,0
22,Pittsburgh Steelers,https://media.api-sports.io/american-football/teams/22.png,Defensive,4576,Marcus Tucker,https://media.api-sports.io/american-football/players/4576.png,kick return td,
7,Detroit Lions,https://media.api-sports.io/american-football/teams/7.png,Defensive,1695,Quandre Diggs,https://media.api-sports.io/american-football/players/1695.png,kick return td,
7,Detroit Lions,https://media.api-sports.io/american-football/teams/7.png,Receiving,3803,Orson Charles,https://media.api-sports.io/american-football/players/3803.png,receiving touch downs,0
22,Pittsburgh Steelers,https://media.api-sports.io/american-football/teams/22.png,Receiving,4276,Eli Rogers,https://media.api-sports.io/american-football/players/4276.png,receiving touch downs,0
7,Detroit Lions,https://media.api-sports.io/american-football/teams/7.png,Rushing,3759,Zach Zenner,https://media.api-sports.io/american-football/players/3759.png,two pt,0
22,Pittsburgh Steelers,https://media.api-sports.io/american-football/teams/22.png,Rushing,4500,Demarcus Ayers,https://media.api-sports.io/american-football/players/4500.png,two pt,0
22,Pittsburgh Steelers,https://media.api-sports.io/american-football/teams/22.png,Defensive,873,Javon Hargrave,https://media.api-sports.io/american-football/players/873.png,kick return td,
7,Detroit Lions,https://media.api-sports.io/american-football/teams/7.png,Defensive,3398,Gabe Wright,https://media.api-sports.io/american-football/players/3398.png,kick return td,
7,Detroit Lions,https://media.api-sports.io/american-football/teams/7.png,Receiving,1930,Dwayne Washington,https://media.api-sports.io/american-football/players/1930.png,receiving touch downs,0
22,Pittsburgh Steelers,https://media.api-sports.io/american-football/teams/22.png,Receiving,5862,Paul Lang,https://media.api-sports.io/american-football/players/5862.png,receiving touch downs,0
22,Pittsburgh Steelers,https://media.api-sports.io/american-football/teams/22.png,Rushing,5718,Daryl Richardson,https://media.api-sports.io/american-football/players/5718.png,two pt,0
22,Pittsburgh Steelers,https://media.api-sports.io/american-football/teams/22.png,Defensive,3602,Anthony Chickillo,https://media.api-sports.io/american-football/players/3602.png,kick return td,
7,Detroit Lions,https://media.api-sports.io/american-football/teams/7.png,Defensive,5902,Keith Lewis,https://media.api-sports.io/american-football/players/5902.png,kick return td,
7,Detroit Lions,https://media.api-sports.io/american-football/teams/7.png,Receiving,81,Marvin Jones Jr.,https://media.api-sports.io/american-football/players/81.png,receiving touch downs,0
22,Pittsburgh Steelers,https://media.api-sports.io/american-football/teams/22.png,Receiving,5718,Daryl Richardson,https://media.api-sports.io/american-football/players/5718.png,receiving touch downs,0
22,Pittsburgh Steelers,https://media.api-sports.io/american-football/teams/22.png,Defensive,3881,L.T. Walton,https://media.api-sports.io/american-football/players/3881.png,kick return td,
7,Detroit Lions,https://media.api-sports.io/american-football/teams/7.png,Defensive,3357,Nevin Lawson,https://media.api-sports.io/american-football/players/3357.png,kick return td,
7,Detroit Lions,https://media.api-sports.io/american-football/teams/7.png,Receiving,5512,George Winn,https://media.api-sports.io/american-football/players/5512.png,receiving touch downs,0
22,Pittsburgh Steelers,https://media.api-sports.io/american-football/teams/22.png,Receiving,4510,Sammie Coates Jr.,https://media.api-sports.io/american-football/players/4510.png,receiving touch downs,0
22,Pittsburgh Steelers,https://media.api-sports.io/american-football/teams/22.png,Defensive,4870,Arthur Moats,https://media.api-sports.io/american-football/players/4870.png,kick return td,
7,Detroit Lions,https://media.api-sports.io/american-football/teams/7.png,Defensive,3643,Caraun Reid,https://media.api-sports.io/american-football/players/3643.png,kick return td,
7,Detroit Lions,https://media.api-sports.io/american-football/teams/7.png,Receiving,5564,Anquan Boldin,https://media.api-sports.io/american-football/players/5564.png,receiving touch downs,0
22,Pittsburgh Steelers,https://media.api-sports.io/american-football/teams/22.png,Receiving,5033,Cobi Hamilton,https://media.api-sports.io/american-football/players/5033.png,receiving touch downs,0
22,Pittsburgh Steelers,https://media.api-sports.io/american-football/teams/22.png,Defensive,5894,Ricardo Mathews,https://media.api-sports.io/american-football/players/5894.png,kick return td,
7,Detroit Lions,https://media.api-sports.io/american-football/teams/7.png,Defensive,5531,Khyri Thornton,https://media.api-sports.io/american-football/players/5531.png,kick return td,
7,Detroit Lions,https://media.api-sports.io/american-football/teams/7.png,Receiving,3759,Zach Zenner,https://media.api-sports.io/american-football/players/3759.png,receiving touch downs,0
22,Pittsburgh Steelers,https://media.api-sports.io/american-football/teams/22.png,Receiving,4888,Darrius Heyward-Bey,https://media.api-sports.io/american-football/players/4888.png,receiving touch downs,1
22,Pittsburgh Steelers,https://media.api-sports.io/american-football/teams/22.png,Defensive,5893,Cody Wallace,https://media.api-sports.io/american-football/players/5893.png,kick return td,
7,Detroit Lions,https://media.api-sports.io/american-football/teams/7.png,Defensive,5901,Travis Swanson,https://media.api-sports.io/american-football/players/5901.png,kick return td,
7,Detroit Lions,https://media.api-sports.io/american-football/teams/7.png,Receiving,4799,Jace Billingsley,https://media.api-sports.io/american-football/players/4799.png,receiving touch downs,1
22,Pittsburgh Steelers,https://media.api-sports.io/american-football/teams/22.png,Defensive,4993,William Gay,https://media.api-sports.io/american-football/players/4993.png,kick return td,
7,Detroit Lions,https://media.api-sports.io/american-football/teams/7.png,Defensive,4025,Johnson Bademosi,https://media.api-sports.io/american-football/players/4025.png,kick return td,
7,Detroit Lions,https://media.api-sports.io/american-football/teams/7.png,Receiving,4551,Jeremy Kerley,https://media.api-sports.io/american-football/players/4551.png,receiving touch downs,0
22,Pittsburgh Steelers,https://media.api-sports.io/american-football/teams/22.png,Defensive,1466,Tyler Matakevich,https://media.api-sports.io/american-football/players/1466.png,kick return td,
7,Detroit Lions,https://media.api-sports.io/american-football/teams/7.png,Defensive,3918,Anthony Zettel,https://media.api-sports.io/american-football/players/3918.png,kick return td,
7,Detroit Lions,https://media.api-sports.io/american-football/teams/7.png,Receiving,1354,Andre Roberts,https://media.api-sports.io/american-football/players/1354.png,receiving touch downs,1
22,Pittsburgh Steelers,https://media.api-sports.io/american-football/teams/22.png,Defensive,5644,Johnny Maxey,https://media.api-sports.io/american-football/players/5644.png,kick return td,
7,Detroit Lions,https://media.api-sports.io/american-football/teams/7.png,Defensive,1015,Kerry Hyder Jr.,https://media.api-sports.io/american-football/players/1015.png,kick return td,
22,Pittsburgh Steelers,https://media.api-sports.io/american-football/teams/22.png,Defensive,5892,Kevin White,https://media.api-sports.io/american-football/players/5892.png,kick return td,
7,Detroit Lions,https://media.api-sports.io/american-football/teams/7.png,Defensive,4403,Stefan Charles,https://media.api-sports.io/american-football/players/4403.png,kick return td,
22,Pittsburgh Steelers,https://media.api-sports.io/american-football/teams/22.png,Defensive,5891,Mike Reilly,https://media.api-sports.io/american-football/players/5891.png,kick return td,
7,Detroit Lions,https://media.api-sports.io/american-football/teams/7.png,Defensive,5488,Zaviar Gooden,https://media.api-sports.io/american-football/players/5488.png,kick return td,
22,Pittsburgh Steelers,https://media.api-sports.io/american-football/teams/22.png,Defensive,4277,Xavier Grimble,https://media.api-sports.io/american-football/players/4277.png,kick return td,
7,Detroit Lions,https://media.api-sports.io/american-football/teams/7.png,Defensive,5389,Devin Taylor,https://media.api-sports.io/american-football/players/5389.png,kick return td,
22,Pittsburgh Steelers,https://media.api-sports.io/american-football/teams/22.png,Defensive,5674,Ryan Shazier,https://media.api-sports.io/american-football/players/5674.png,kick return td,
7,Detroit Lions,https://media.api-sports.io/american-football/teams/7.png,Defensive,5756,Don Juan Carey,https://media.api-sports.io/american-football/players/5756.png,kick return td,
22,Pittsburgh Steelers,https://media.api-sports.io/american-football/teams/22.png,Defensive,5683,James Harrison,https://media.api-sports.io/american-football/players/5683.png,kick return td,
7,Detroit Lions,https://media.api-sports.io/american-football/teams/7.png,Defensive,5900,Quanterus Smith,https://media.api-sports.io/american-football/players/5900.png,kick return td,
22,Pittsburgh Steelers,https://media.api-sports.io/american-football/teams/22.png,Defensive,4866,Caushaud Lyons,https://media.api-sports.io/american-football/players/4866.png,kick return td,
7,Detroit Lions,https://media.api-sports.io/american-football/teams/7.png,Defensive,5708,Rashaad Reynolds,https://media.api-sports.io/american-football/players/5708.png,kick return td,
22,Pittsburgh Steelers,https://media.api-sports.io/american-football/teams/22.png,Defensive,5401,Jacob Hagen,https://media.api-sports.io/american-football/players/5401.png,kick return td,
7,Detroit Lions,https://media.api-sports.io/american-football/teams/7.png,Defensive,1628,Miles Killebrew,https://media.api-sports.io/american-football/players/1628.png,kick return td,
22,Pittsburgh Steelers,https://media.api-sports.io/american-football/teams/22.png,Defensive,5890,Jordan Zumwalt,https://media.api-sports.io/american-football/players/5890.png,kick return td,
7,Detroit Lions,https://media.api-sports.io/american-football/teams/7.png,Defensive,5899,Chi Chi Ariguzo,https://media.api-sports.io/american-football/players/5899.png,kick return td,
22,Pittsburgh Steelers,https://media.api-sports.io/american-football/teams/22.png,Defensive,2807,Ross Cockrell,https://media.api-sports.io/american-football/players/2807.png,kick return td,
7,Detroit Lions,https://media.api-sports.io/american-football/teams/7.png,Defensive,2208,Kyle Van Noy,https://media.api-sports.io/american-football/players/2208.png,kick return td,
22,Pittsburgh Steelers,https://media.api-sports.io/american-football/teams/22.png,Defensive,4060,Shamarko Thomas,https://media.api-sports.io/american-football/players/4060.png,kick return td,
7,Detroit Lions,https://media.api-sports.io/american-football/teams/7.png,Defensive,5898,Darrin Walls,https://media.api-sports.io/american-football/players/5898.png,kick return td,
22,Pittsburgh Steelers,https://media.api-sports.io/american-football/teams/22.png,Defensive,5277,Lawrence Timmons,https://media.api-sports.io/american-football/players/5277.png,kick return td,
7,Detroit Lions,https://media.api-sports.io/american-football/teams/7.png,Defensive,3889,Isaiah Johnson,https://media.api-sports.io/american-football/players/3889.png,kick return td,
22,Pittsburgh Steelers,https://media.api-sports.io/american-football/teams/22.png,Defensive,5150,Mike Mitchell,https://media.api-sports.io/american-football/players/5150.png,kick return td,
7,Detroit Lions,https://media.api-sports.io/american-football/teams/7.png,Defensive,4010,Antwione Williams,https://media.api-sports.io/american-football/players/4010.png,kick return td,
22,Pittsburgh Steelers,https://media.api-sports.io/american-football/teams/22.png,Defensive,4734,Robert Golden,https://media.api-sports.io/american-football/players/4734.png,kick return td,
7,Detroit Lions,https://media.api-sports.io/american-football/teams/7.png,Defensive,5897,Khaseem Greene,https://media.api-sports.io/american-football/players/5897.png,kick return td,
22,Pittsburgh Steelers,https://media.api-sports.io/american-football/teams/22.png,Defensive,5402,Steven Johnson,https://media.api-sports.io/american-football/players/5402.png,kick return td,
22,Pittsburgh Steelers,https://media.api-sports.io/american-football/teams/22.png,Defensive,3659,Daniel McCullers,https://media.api-sports.io/american-football/players/3659.png,kick return td,
22,Pittsburgh Steelers,https://media.api-sports.io/american-football/teams/22.png,Defensive,3294,Sean Davis,https://media.api-sports.io/american-football/players/3294.png,kick return td,
22,Pittsburgh Steelers,https://media.api-sports.io/american-football/teams/22.png,Defensive,3565,Vince Williams,https://media.api-sports.io/american-football/players/3565.png,kick return td,
22,Pittsburgh Steelers,https://media.api-sports.io/american-football/teams/22.png,Defensive,3188,L.J. Fort,https://media.api-sports.io/american-football/players/3188.png,kick return td,
22,Pittsburgh Steelers,https://media.api-sports.io/american-football/teams/22.png,Defensive,4639,Doran Grant,https://media.api-sports.io/american-football/players/4639.png,kick return td,
22,Pittsburgh Steelers,https://media.api-sports.io/american-football/teams/22.png,Punting,2863,Jordan Berry,https://media.api-sports.io/american-football/players/2863.png,average,59.7
7,Detroit Lions,https://media.api-sports.io/american-football/teams/7.png,Punting,1485,Sam Martin,https://media.api-sports.io/american-football/players/1485.png,average,47.0
22,Pittsburgh Steelers,https://media.api-sports.io/american-football/teams/22.png,Kicking,1630,Chris Boswell,https://media.api-sports.io/american-football/players/1630.png,field goals from 20 29 yards,0
7,Detroit Lions,https://media.api-sports.io/american-football/teams/7.png,Kicking,5841,Devon Bell,https://media.api-sports.io/american-football/players/5841.png,field goals from 20 29 yards,0
22,Pittsburgh Steelers,https://media.api-sports.io/american-football/teams/22.png,Punt_returns,4500,Demarcus Ayers,https://media.api-sports.io/american-football/players/4500.png,yards,0
7,Detroit Lions,https://media.api-sports.io/american-football/teams/7.png,Punt_returns,1354,Andre Roberts,https://media.api-sports.io/american-football/players/1354.png,yards,0
22,Pittsburgh Steelers,https://media.api-sports.io/american-football/teams/22.png,Kick_returns,4503,Fitzgerald Toussaint,https://media.api-sports.io/american-football/players/4503.png,lg,23
7,Detroit Lions,https://media.api-sports.io/american-football/teams/7.png,Kick_returns,4551,Jeremy Kerley,https://media.api-sports.io/american-football/players/4551.png,lg,23
22,Pittsburgh Steelers,https://media.api-sports.io/american-football/teams/22.png,Defensive,5896,Montell Garner,https://media.api-sports.io/american-football/players/5896.png,blocked kicks,
7,Detroit Lions,https://media.api-sports.io/american-football/teams/7.png,Defensive,1930,Dwayne Washington,https://media.api-sports.io/american-football/players/1930.png,blocked kicks,
7,Detroit Lions,https://media.api-sports.io/american-football/teams/7.png,Fumbles,3738,Jake Rudock,https://media.api-sports.io/american-football/players/3738.png,total,1
22,Pittsburgh Steelers,https://media.api-sports.io/american-football/teams/22.png,Fumbles,628,Jesse James,https://media.api-sports.io/american-football/players/628.png,total,0
7,Detroit Lions,https://media.api-sports.io/american-football/teams/7.png,Receiving,3713,TJ Jones,https://media.api-sports.io/american-football/players/3713.png,average,-1.0
22,Pittsburgh Steelers,https://media.api-sports.io/american-football/teams/22.png,Receiving,4576,Marcus Tucker,https://media.api-sports.io/american-football/players/4576.png,average,0.0
7,Detroit Lions,https://media.api-sports.io/american-football/teams/7.png,Rushing,5512,George Winn,https://media.api-sports.io/american-football/players/5512.png,longest rush,3
22,Pittsburgh Steelers,https://media.api-sports.io/american-football/teams/22.png,Rushing,4510,Sammie Coates Jr.,https://media.api-sports.io/american-football/players/4510.png,longest rush,0
7,Detroit Lions,https://media.api-sports.io/american-football/teams/7.png,Passing,2227,Matthew Stafford,https://media.api-sports.io/american-football/players/2227.png,interceptions,0
22,Pittsburgh Steelers,https://media.api-sports.io/american-football/teams/22.png,Passing,5844,Bruce Gradkowski,https://media.api-sports.io/american-football/players/5844.png,interceptions,0
22,Pittsburgh Steelers,https://media.api-sports.io/american-football/teams/22.png,Punting,5423,Will Monday,https://media.api-sports.io/american-football/players/5423.png,average,46.5
7,Detroit Lions,https://media.api-sports.io/american-football/teams/7.png,Punting,5841,Devon Bell,https://media.api-sports.io/american-football/players/5841.png,average,47.0
7,Detroit Lions,https://media.api-sports.io/american-football/teams/7.png,Kicking,826,Matt Prater,https://media.api-sports.io/american-football/players/826.png,field goals from 20 29 yards,1
7,Detroit Lions,https://media.api-sports.io/american-football/teams/7.png,Punt_returns,4551,Jeremy Kerley,https://media.api-sports.io/american-football/players/4551.png,yards,10
22,Pittsburgh Steelers,https://media.api-sports.io/american-football/teams/22.png,Kick_returns,5718,Daryl Richardson,https://media.api-sports.io/american-football/players/5718.png,lg,25
7,Detroit Lions,https://media.api-sports.io/american-football/teams/7.png,Kick_returns,1354,Andre Roberts,https://media.api-sports.io/american-football/players/1354.png,lg,19
22,Pittsburgh Steelers,https://media.api-sports.io/american-football/teams/22.png,Defensive,4102,Lavon Hooks,https://media.api-sports.io/american-football/players/4102.png,blocked kicks,
7,Detroit Lions,https://media.api-sports.io/american-football/teams/7.png,Defensive,825,Charles Washington,https://media.api-sports.io/american-football/players/825.png,blocked kicks,
7,Detroit Lions,https://media.api-sports.io/american-football/teams/7.png,Fumbles,3713,TJ Jones,https://media.api-sports.io/american-football/players/3713.png,total,1
22,Pittsburgh Steelers,https://media.api-sports.io/american-football/teams/22.png,Fumbles,5210,Dustin Vaughan,https://media.api-sports.io/american-football/players/5210.png,total,1
7,Detroit Lions,https://media.api-sports.io/american-football/teams/7.png,Receiving,3610,Theo Riddick,https://media.api-sports.io/american-football/players/3610.png,average,2.0
22,Pittsburgh Steelers,https://media.api-sports.io/american-football/teams/22.png,Receiving,5864,Levi Norwood,https://media.api-sports.io/american-football/players/5864.png,average,0.0
7,Detroit Lions,https://media.api-sports.io/american-football/teams/7.png,Rushing,2227,Matthew Stafford,https://media.api-sports.io/american-football/players/2227.png,longest rush,5
22,Pittsburgh Steelers,https://media.api-sports.io/american-football/teams/22.png,Rushing,5851,Cameron Stingily,https://media.api-sports.io/american-football/players/5851.png,longest rush,1
7,Detroit Lions,https://media.api-sports.io/american-football/teams/7.png,Passing,3738,Jake Rudock,https://media.api-sports.io/american-football/players/3738.png,interceptions,0
22,Pittsburgh Steelers,https://media.api-sports.io/american-football/teams/22.png,Passing,5210,Dustin Vaughan,https://media.api-sports.io/american-football/players/5210.png,interceptions,0
7,Detroit Lions,https://media.api-sports.io/american-football/teams/7.png,Punt_returns,4799,Jace Billingsley,https://media.api-sports.io/american-football/players/4799.png,yards,41
7,Detroit Lions,https://media.api-sports.io/american-football/teams/7.png,Kick_returns,1930,Dwayne Washington,https://media.api-sports.io/american-football/players/1930.png,lg,96
22,Pittsburgh Steelers,https://media.api-sports.io/american-football/teams/22.png,Defensive,5862,Paul Lang,https://media.api-sports.io/american-football/players/5862.png,blocked kicks,
7,Detroit Lions,https://media.api-sports.io/american-football/teams/7.png,Defensive,3508,Tahir Whitehead,https://media.api-sports.io/american-football/players/3508.png,blocked kicks,
7,Detroit Lions,https://media.api-sports.io/american-football/teams/7.png,Fumbles,5512,George Winn,https://media.api-sports.io/american-football/players/5512.png,total,1
22,Pittsburgh Steelers,https://media.api-sports.io/american-football/teams/22.png,Fumbles,4510,Sammie Coates Jr.,https://media.api-sports.io/american-football/players/4510.png,total,2
7,Detroit Lions,https://media.api-sports.io/american-football/teams/7.png,Receiving,5866,Adam Fuehne,https://media.api-sports.io/american-football/players/5866.png,average,5.0
22,Pittsburgh Steelers,https://media.api-sports.io/american-football/teams/22.png,Receiving,5863,Issac Blakeney,https://media.api-sports.io/american-football/players/5863.png,average,0.0
7,Detroit Lions,https://media.api-sports.io/american-football/teams/7.png,Rushing,1930,Dwayne Washington,https://media.api-sports.io/american-football/players/1930.png,longest rush,7
22,Pittsburgh Steelers,https://media.api-sports.io/american-football/teams/22.png,Rushing,5850,Brandon Brown-Dukes,https://media.api-sports.io/american-football/players/5850.png,longest rush,2
7,Detroit Lions,https://media.api-sports.io/american-football/teams/7.png,Passing,5428,Dan Orlovsky,https://media.api-sports.io/american-football/players/5428.png,interceptions,1
22,Pittsburgh Steelers,https://media.api-sports.io/american-football/teams/22.png,Passing,4515,Landry Jones,https://media.api-sports.io/american-football/players/4515.png,interceptions,0
22,Pittsburgh Steelers,https://media.api-sports.io/american-football/teams/22.png,Defensive,5895,Ray Vinopal,https://media.api-sports.io/american-football/players/5895.png,blocked kicks,
7,Detroit Lions,https://media.api-sports.io/american-football/teams/7.png,Defensive,2276,A'Shawn Robinson,https://media.api-sports.io/american-football/players/2276.png,blocked kicks,
7,Detroit Lions,https://media.api-sports.io/american-football/teams/7.png,Fumbles,5428,Dan Orlovsky,https://media.api-sports.io/american-football/players/5428.png,total,1
22,Pittsburgh Steelers,https://media.api-sports.io/american-football/teams/22.png,Fumbles,4870,Arthur Moats,https://media.api-sports.io/american-football/players/4870.png,total,0
7,Detroit Lions,https://media.api-sports.io/american-football/teams/7.png,Receiving,4530,Stevan Ridley,https://media.api-sports.io/american-football/players/4530.png,average,5.0
22,Pittsburgh Steelers,https://media.api-sports.io/american-football/teams/22.png,Receiving,5636,David Johnson,https://media.api-sports.io/american-football/players/5636.png,average,2.0
7,Detroit Lions,https://media.api-sports.io/american-football/teams/7.png,Rushing,4530,Stevan Ridley,https://media.api-sports.io/american-football/players/4530.png,longest rush,6
22,Pittsburgh Steelers,https://media.api-sports.io/american-football/teams/22.png,Rushing,4276,Eli Rogers,https://media.api-sports.io/american-football/players/4276.png,longest rush,5
22,Pittsburgh Steelers,https://media.api-sports.io/american-football/teams/22.png,Defensive,4503,Fitzgerald Toussaint,https://media.api-sports.io/american-football/players/4503.png,blocked kicks,
7,Detroit Lions,https://media.api-sports.io/american-football/teams/7.png,Defensive,3234,Tavon Wilson,https://media.api-sports.io/american-football/players/3234.png,blocked kicks,
7,Detroit Lions,https://media.api-sports.io/american-football/teams/7.png,Fumbles,2227,Matthew Stafford,https://media.api-sports.io/american-football/players/2227.png,total,1
7,Detroit Lions,https://media.api-sports.io/american-football/teams/7.png,Receiving,3827,Cole Wick,https://media.api-sports.io/american-football/players/3827.png,average,10.0
22,Pittsburgh Steelers,https://media.api-sports.io/american-football/teams/22.png,Receiving,628,Jesse James,https://media.api-sports.io/american-football/players/628.png,average,4.0
7,Detroit Lions,https://media.api-sports.io/american-football/teams/7.png,Rushing,3610,Theo Riddick,https://media.api-sports.io/american-football/players/3610.png,longest rush,8
22,Pittsburgh Steelers,https://media.api-sports.io/american-football/teams/22.png,Rushing,4503,Fitzgerald Toussaint,https://media.api-sports.io/american-football/players/4503.png,longest rush,5
22,Pittsburgh Steelers,https://media.api-sports.io/american-football/teams/22.png,Defensive,3581,Jordan Dangerfield,https://media.api-sports.io/american-football/players/3581.png,blocked kicks,
7,Detroit Lions,https://media.api-sports.io/american-football/teams/7.png,Defensive,5903,Crezdon Butler,https://media.api-sports.io/american-football/players/5903.png,blocked kicks,
7,Detroit Lions,https://media.api-sports.io/american-football/teams/7.png,Fumbles,337,Brandon Copeland,https://media.api-sports.io/american-football/players/337.png,total,0
7,Detroit Lions,https://media.api-sports.io/american-football/teams/7.png,Receiving,5865,Quinshad Davis,https://media.api-sports.io/american-football/players/5865.png,average,7.0
22,Pittsburgh Steelers,https://media.api-sports.io/american-football/teams/22.png,Receiving,4500,Demarcus Ayers,https://media.api-sports.io/american-football/players/4500.png,average,5.0
7,Detroit Lions,https://media.api-sports.io/american-football/teams/7.png,Rushing,3738,Jake Rudock,https://media.api-sports.io/american-football/players/3738.png,longest rush,17
22,Pittsburgh Steelers,https://media.api-sports.io/american-football/teams/22.png,Rushing,5844,Bruce Gradkowski,https://media.api-sports.io/american-football/players/5844.png,longest rush,9
22,Pittsburgh Steelers,https://media.api-sports.io/american-football/teams/22.png,Defensive,4576,Marcus Tucker,https://media.api-sports.io/american-football/players/4576.png,blocked kicks,
7,Detroit Lions,https://media.api-sports.io/american-football/teams/7.png,Defensive,1695,Quandre Diggs,https://media.api-sports.io/american-football/players/1695.png,blocked kicks,
7,Detroit Lions,https://media.api-sports.io/american-football/teams/7.png,Receiving,3803,Orson Charles,https://media.api-sports.io/american-football/players/3803.png,average,7.5
22,Pittsburgh Steelers,https://media.api-sports.io/american-football/teams/22.png,Receiving,4276,Eli Rogers,https://media.api-sports.io/american-football/players/4276.png,average,8.0
7,Detroit Lions,https://media.api-sports.io/american-football/teams/7.png,Rushing,3759,Zach Zenner,https://media.api-sports.io/american-football/players/3759.png,longest rush,12
22,Pittsburgh Steelers,https://media.api-sports.io/american-football/teams/22.png,Rushing,4500,Demarcus Ayers,https://media.api-sports.io/american-football/players/4500.png,longest rush,14
22,Pittsburgh Steelers,https://media.api-sports.io/american-football/teams/22.png,Defensive,873,Javon Hargrave,https://media.api-sports.io/american-football/players/873.png,blocked kicks,
7,Detroit Lions,https://media.api-sports.io/american-football/teams/7.png,Defensive,3398,Gabe Wright,https://media.api-sports.io/american-football/players/3398.png,blocked kicks,
7,Detroit Lions,https://media.api-sports.io/american-football/teams/7.png,Receiving,1930,Dwayne Washington,https://media.api-sports.io/american-football/players/1930.png,average,15.0
22,Pittsburgh Steelers,https://media.api-sports.io/american-football/teams/22.png,Receiving,5862,Paul Lang,https://media.api-sports.io/american-football/players/5862.png,average,7.5
22,Pittsburgh Steelers,https://media.api-sports.io/american-football/teams/22.png,Rushing,5718,Daryl Richardson,https://media.api-sports.io/american-football/players/5718.png,longest rush,13
22,Pittsburgh Steelers,https://media.api-sports.io/american-football/teams/22.png,Defensive,3602,Anthony Chickillo,https://media.api-sports.io/american-football/players/3602.png,blocked kicks,
7,Detroit Lions,https://media.api-sports.io/american-football/teams/7.png,Defensive,5902,Keith Lewis,https://media.api-sports.io/american-football/players/5902.png,blocked kicks,
7,Detroit Lions,https://media.api-sports.io/american-football/teams/7.png,Receiving,81,Marvin Jones Jr.,https://media.api-sports.io/american-football/players/81.png,average,16.0
22,Pittsburgh Steelers,https://media.api-sports.io/american-football/teams/22.png,Receiving,5718,Daryl Richardson,https://media.api-sports.io/american-football/players/5718.png,average,8.0
22,Pittsburgh Steelers,https://media.api-sports.io/american-football/teams/22.png,Defensive,3881,L.T. Walton,https://media.api-sports.io/american-football/players/3881.png,blocked kicks,
7,Detroit Lions,https://media.api-sports.io/american-football/teams/7.png,Defensive,3357,Nevin Lawson,https://media.api-sports.io/american-football/players/3357.png,blocked kicks,
7,Detroit Lions,https://media.api-sports.io/american-football/teams/7.png,Receiving,5512,George Winn,https://media.api-sports.io/american-football/players/5512.png,average,12.5
22,Pittsburgh Steelers,https://media.api-sports.io/american-football/teams/22.png,Receiving,4510,Sammie Coates Jr.,https://media.api-sports.io/american-football/players/4510.png,average,6.0
22,Pittsburgh Steelers,https://media.api-sports.io/american-football/teams/22.png,Defensive,4870,Arthur Moats,https://media.api-sports.io/american-football/players/4870.png,blocked kicks,
7,Detroit Lions,https://media.api-sports.io/american-football/teams/7.png,Defensive,3643,Caraun Reid,https://media.api-sports.io/american-football/players/3643.png,blocked kicks,
7,Detroit Lions,https://media.api-sports.io/american-football/teams/7.png,Receiving,5564,Anquan Boldin,https://media.api-sports.io/american-football/players/5564.png,average,30.0
22,Pittsburgh Steelers,https://media.api-sports.io/american-football/teams/22.png,Receiving,5033,Cobi Hamilton,https://media.api-sports.io/american-football/players/5033.png,average,11.0
22,Pittsburgh Steelers,https://media.api-sports.io/american-football/teams/22.png,Defensive,5894,Ricardo Mathews,https://media.api-sports.io/american-football/players/5894.png,blocked kicks,
7,Detroit Lions,https://media.api-sports.io/american-football/teams/7.png,Defensive,5531,Khyri Thornton,https://media.api-sports.io/american-football/players/5531.png,blocked kicks,
7,Detroit Lions,https://media.api-sports.io/american-football/teams/7.png,Receiving,3759,Zach Zenner,https://media.api-sports.io/american-football/players/3759.png,average,10.7
22,Pittsburgh Steelers,https://media.api-sports.io/american-football/teams/22.png,Receiving,4888,Darrius Heyward-Bey,https://media.api-sports.io/american-football/players/4888.png,average,29.0
22,Pittsburgh Steelers,https://media.api-sports.io/american-football/teams/22.png,Defensive,5893,Cody Wallace,https://media.api-sports.io/american-football/players/5893.png,blocked kicks,
7,Detroit Lions,https://media.api-sports.io/american-football/teams/7.png,Defensive,5901,Travis Swanson,https://media.api-sports.io/american-football/players/5901.png,blocked kicks,
7,Detroit Lions,https://media.api-sports.io/american-football/teams/7.png,Receiving,4799,Jace Billingsley,https://media.api-sports.io/american-football/players/4799.png,average,11.0
22,Pittsburgh Steelers,https://media.api-sports.io/american-football/teams/22.png,Defensive,4993,William Gay,https://media.api-sports.io/american-football/players/4993.png,blocked kicks,
7,Detroit Lions,https://media.api-sports.io/american-football/teams/7.png,Defensive,4025,Johnson Bademosi,https://media.api-sports.io/american-football/players/4025.png,blocked kicks,
7,Detroit Lions,https://media.api-sports.io/american-football/teams/7.png,Receiving,4551,Jeremy Kerley,https://media.api-sports.io/american-football/players/4551.png,average,7.2
22,Pittsburgh Steelers,https://media.api-sports.io/american-football/teams/22.png,Defensive,1466,Tyler Matakevich,https://media.api-sports.io/american-football/players/1466.png,blocked kicks,
7,Detroit Lions,https://media.api-sports.io/american-football/teams/7.png,Defensive,3918,Anthony Zettel,https://media.api-sports.io/american-football/players/3918.png,blocked kicks,
7,Detroit Lions,https://media.api-sports.io/american-football/teams/7.png,Receiving,1354,Andre Roberts,https://media.api-sports.io/american-football/players/1354.png,average,19.0
22,Pittsburgh Steelers,https://media.api-sports.io/american-football/teams/22.png,Defensive,5644,Johnny Maxey,https://media.api-sports.io/american-football/players/5644.png,blocked kicks,
7,Detroit Lions,https://media.api-sports.io/american-football/teams/7.png,Defensive,1015,Kerry Hyder Jr.,https://media.api-sports.io/american-football/players/1015.png,blocked kicks,
22,Pittsburgh Steelers,https://media.api-sports.io/american-football/teams/22.png,Defensive,5892,Kevin White,https://media.api-sports.io/american-football/players/5892.png,blocked kicks,
7,Detroit Lions,https://media.api-sports.io/american-football/teams/7.png,Defensive,4403,Stefan Charles,https://media.api-sports.io/american-football/players/4403.png,blocked kicks,
22,Pittsburgh Steelers,https://media.api-sports.io/american-football/teams/22.png,Defensive,5891,Mike Reilly,https://media.api-sports.io/american-football/players/5891.png,blocked kicks,
7,Detroit Lions,https://media.api-sports.io/american-football/teams/7.png,Defensive,5488,Zaviar Gooden,https://media.api-sports.io/american-football/players/5488.png,blocked kicks,
22,Pittsburgh Steelers,https://media.api-sports.io/american-football/teams/22.png,Defensive,4277,Xavier Grimble,https://media.api-sports.io/american-football/players/4277.png,blocked kicks,
7,Detroit Lions,https://media.api-sports.io/american-football/teams/7.png,Defensive,5389,Devin Taylor,https://media.api-sports.io/american-football/players/5389.png,blocked kicks,
22,Pittsburgh Steelers,https://media.api-sports.io/american-football/teams/22.png,Defensive,5674,Ryan Shazier,https://media.api-sports.io/american-football/players/5674.png,blocked kicks,
7,Detroit Lions,https://media.api-sports.io/american-football/teams/7.png,Defensive,5756,Don Juan Carey,https://media.api-sports.io/american-football/players/5756.png,blocked kicks,
22,Pittsburgh Steelers,https://media.api-sports.io/american-football/teams/22.png,Defensive,5683,James Harrison,https://media.api-sports.io/american-football/players/5683.png,blocked kicks,
7,Detroit Lions,https://media.api-sports.io/american-football/teams/7.png,Defensive,5900,Quanterus Smith,https://media.api-sports.io/american-football/players/5900.png,blocked kicks,
22,Pittsburgh Steelers,https://media.api-sports.io/american-football/teams/22.png,Defensive,4866,Caushaud Lyons,https://media.api-sports.io/american-football/players/4866.png,blocked kicks,
7,Detroit Lions,https://media.api-sports.io/american-football/teams/7.png,Defensive,5708,Rashaad Reynolds,https://media.api-sports.io/american-football/players/5708.png,blocked kicks,
22,Pittsburgh Steelers,https://media.api-sports.io/american-football/teams/22.png,Defensive,5401,Jacob Hagen,https://media.api-sports.io/american-football/players/5401.png,blocked kicks,
7,Detroit Lions,https://media.api-sports.io/american-football/teams/7.png,Defensive,1628,Miles Killebrew,https://media.api-sports.io/american-football/players/1628.png,blocked kicks,
22,Pittsburgh Steelers,https://media.api-sports.io/american-football/teams/22.png,Defensive,5890,Jordan Zumwalt,https://media.api-sports.io/american-football/players/5890.png,blocked kicks,
7,Detroit Lions,https://media.api-sports.io/american-football/teams/7.png,Defensive,5899,Chi Chi Ariguzo,https://media.api-sports.io/american-football/players/5899.png,blocked kicks,
22,Pittsburgh Steelers,https://media.api-sports.io/american-football/teams/22.png,Defensive,2807,Ross Cockrell,https://media.api-sports.io/american-football/players/2807.png,blocked kicks,
7,Detroit Lions,https://media.api-sports.io/american-football/teams/7.png,Defensive,2208,Kyle Van Noy,https://media.api-sports.io/american-football/players/2208.png,blocked kicks,
22,Pittsburgh Steelers,https://media.api-sports.io/american-football/teams/22.png,Defensive,4060,Shamarko Thomas,https://media.api-sports.io/american-football/players/4060.png,blocked kicks,
7,Detroit Lions,https://media.api-sports.io/american-football/teams/7.png,Defensive,5898,Darrin Walls,https://media.api-sports.io/american-football/players/5898.png,blocked kicks,
22,Pittsburgh Steelers,https://media.api-sports.io/american-football/teams/22.png,Defensive,5277,Lawrence Timmons,https://media.api-sports.io/american-football/players/5277.png,blocked kicks,
7,Detroit Lions,https://media.api-sports.io/american-football/teams/7.png,Defensive,3889,Isaiah Johnson,https://media.api-sports.io/american-football/players/3889.png,blocked kicks,
22,Pittsburgh Steelers,https://media.api-sports.io/american-football/teams/22.png,Defensive,5150,Mike Mitchell,https://media.api-sports.io/american-football/players/5150.png,blocked kicks,
7,Detroit Lions,https://media.api-sports.io/american-football/teams/7.png,Defensive,4010,Antwione Williams,https://media.api-sports.io/american-football/players/4010.png,blocked kicks,
22,Pittsburgh Steelers,https://media.api-sports.io/american-football/teams/22.png,Defensive,4734,Robert Golden,https://media.api-sports.io/american-football/players/4734.png,blocked kicks,
7,Detroit Lions,https://media.api-sports.io/american-football/teams/7.png,Defensive,5897,Khaseem Greene,https://media.api-sports.io/american-football/players/5897.png,blocked kicks,
22,Pittsburgh Steelers,https://media.api-sports.io/american-football/teams/22.png,Defensive,5402,Steven Johnson,https://media.api-sports.io/american-football/players/5402.png,blocked kicks,
22,Pittsburgh Steelers,https://media.api-sports.io/american-football/teams/22.png,Defensive,3659,Daniel McCullers,https://media.api-sports.io/american-football/players/3659.png,blocked kicks,
22,Pittsburgh Steelers,https://media.api-sports.io/american-football/teams/22.png,Defensive,3294,Sean Davis,https://media.api-sports.io/american-football/players/3294.png,blocked kicks,
22,Pittsburgh Steelers,https://media.api-sports.io/american-football/teams/22.png,Defensive,3565,Vince Williams,https://media.api-sports.io/american-football/players/3565.png,blocked kicks,
22,Pittsburgh Steelers,https://media.api-sports.io/american-football/teams/22.png,Defensive,3188,L.J. Fort,https://media.api-sports.io/american-football/players/3188.png,blocked kicks,
22,Pittsburgh Steelers,https://media.api-sports.io/american-football/teams/22.png,Defensive,4639,Doran Grant,https://media.api-sports.io/american-football/players/4639.png,blocked kicks,
22,Pittsburgh Steelers,https://media.api-sports.io/american-football/teams/22.png,Punting,2863,Jordan Berry,https://media.api-sports.io/american-football/players/2863.png,yards,179
7,Detroit Lions,https://media.api-sports.io/american-football/teams/7.png,Punting,1485,Sam Martin,https://media.api-sports.io/american-football/players/1485.png,yards,47
22,Pittsburgh Steelers,https://media.api-sports.io/american-football/teams/22.png,Kicking,1630,Chris Boswell,https://media.api-sports.io/american-football/players/1630.png,field goals from 1 19 yards,0
7,Detroit Lions,https://media.api-sports.io/american-football/teams/7.png,Kicking,5841,Devon Bell,https://media.api-sports.io/american-football/players/5841.png,field goals from 1 19 yards,0
22,Pittsburgh Steelers,https://media.api-sports.io/american-football/teams/22.png,Punt_returns,4500,Demarcus Ayers,https://media.api-sports.io/american-football/players/4500.png,total,1
7,Detroit Lions,https://media.api-sports.io/american-football/teams/7.png,Punt_returns,1354,Andre Roberts,https://media.api-sports.io/american-football/players/1354.png,total,2
22,Pittsburgh Steelers,https://media.api-sports.io/american-football/teams/22.png,Kick_returns,4503,Fitzgerald Toussaint,https://media.api-sports.io/american-football/players/4503.png,average,23.0
7,Detroit Lions,https://media.api-sports.io/american-football/teams/7.png,Kick_returns,4551,Jeremy Kerley,https://media.api-sports.io/american-football/players/4551.png,average,23.0
22,Pittsburgh Steelers,https://media.api-sports.io/american-football/teams/22.png,Defensive,5896,Montell Garner,https://media.api-sports.io/american-football/players/5896.png,interceptions for touch downs,0
7,Detroit Lions,https://media.api-sports.io/american-football/teams/7.png,Defensive,1930,Dwayne Washington,https://media.api-sports.io/american-football/players/1930.png,interceptions for touch downs,1
7,Detroit Lions,https://media.api-sports.io/american-football/teams/7.png,Receiving,3713,TJ Jones,https://media.api-sports.io/american-football/players/3713.png,yards,-1
22,Pittsburgh Steelers,https://media.api-sports.io/american-football/teams/22.png,Receiving,4576,Marcus Tucker,https://media.api-sports.io/american-football/players/4576.png,yards,0
7,Detroit Lions,https://media.api-sports.io/american-football/teams/7.png,Rushing,5512,George Winn,https://media.api-sports.io/american-football/players/5512.png,rushing touch downs,0
22,Pittsburgh Steelers,https://media.api-sports.io/american-football/teams/22.png,Rushing,4510,Sammie Coates Jr.,https://media.api-sports.io/american-football/players/4510.png,rushing touch downs,0
7,Detroit Lions,https://media.api-sports.io/american-football/teams/7.png,Passing,2227,Matthew Stafford,https://media.api-sports.io/american-football/players/2227.png,passing touch downs,0
22,Pittsburgh Steelers,https://media.api-sports.io/american-football/teams/22.png,Passing,5844,Bruce Gradkowski,https://media.api-sports.io/american-football/players/5844.png,passing touch downs,0
22,Pittsburgh Steelers,https://media.api-sports.io/american-football/teams/22.png,Punting,5423,Will Monday,https://media.api-sports.io/american-football/players/5423.png,yards,186
7,Detroit Lions,https://media.api-sports.io/american-football/teams/7.png,Punting,5841,Devon Bell,https://media.api-sports.io/american-football/players/5841.png,yards,94
7,Detroit Lions,https://media.api-sports.io/american-football/teams/7.png,Kicking,826,Matt Prater,https://media.api-sports.io/american-football/players/826.png,field goals from 1 19 yards,0
7,Detroit Lions,https://media.api-sports.io/american-football/teams/7.png,Punt_returns,4551,Jeremy Kerley,https://media.api-sports.io/american-football/players/4551.png,total,1
22,Pittsburgh Steelers,https://media.api-sports.io/american-football/teams/22.png,Kick_returns,5718,Daryl Richardson,https://media.api-sports.io/american-football/players/5718.png,average,25.0
7,Detroit Lions,https://media.api-sports.io/american-football/teams/7.png,Kick_returns,1354,Andre Roberts,https://media.api-sports.io/american-football/players/1354.png,average,18.0
22,Pittsburgh Steelers,https://media.api-sports.io/american-football/teams/22.png,Defensive,4102,Lavon Hooks,https://media.api-sports.io/american-football/players/4102.png,interceptions for touch downs,0
7,Detroit Lions,https://media.api-sports.io/american-football/teams/7.png,Defensive,825,Charles Washington,https://media.api-sports.io/american-football/players/825.png,interceptions for touch downs,0
7,Detroit Lions,https://media.api-sports.io/american-football/teams/7.png,Receiving,3610,Theo Riddick,https://media.api-sports.io/american-football/players/3610.png,yards,2
22,Pittsburgh Steelers,https://media.api-sports.io/american-football/teams/22.png,Receiving,5864,Levi Norwood,https://media.api-sports.io/american-football/players/5864.png,yards,0
7,Detroit Lions,https://media.api-sports.io/american-football/teams/7.png,Rushing,2227,Matthew Stafford,https://media.api-sports.io/american-football/players/2227.png,rushing touch downs,0
22,Pittsburgh Steelers,https://media.api-sports.io/american-football/teams/22.png,Rushing,5851,Cameron Stingily,https://media.api-sports.io/american-football/players/5851.png,rushing touch downs,0
7,Detroit Lions,https://media.api-sports.io/american-football/teams/7.png,Passing,3738,Jake Rudock,https://media.api-sports.io/american-football/players/3738.png,passing touch downs,1
22,Pittsburgh Steelers,https://media.api-sports.io/american-football/teams/22.png,Passing,5210,Dustin Vaughan,https://media.api-sports.io/american-football/players/5210.png,passing touch downs,0
7,Detroit Lions,https://media.api-sports.io/american-football/teams/7.png,Punt_returns,4799,Jace Billingsley,https://media.api-sports.io/american-football/players/4799.png,total,3
7,Detroit Lions,https://media.api-sports.io/american-football/teams/7.png,Kick_returns,1930,Dwayne Washington,https://media.api-sports.io/american-football/players/1930.png,average,96.0
22,Pittsburgh Steelers,https://media.api-sports.io/american-football/teams/22.png,Defensive,5862,Paul Lang,https://media.api-sports.io/american-football/players/5862.png,interceptions for touch downs,0
7,Detroit Lions,https://media.api-sports.io/american-football/teams/7.png,Defensive,3508,Tahir Whitehead,https://media.api-sports.io/american-football/players/3508.png,interceptions for touch downs,0
7,Detroit Lions,https://media.api-sports.io/american-football/teams/7.png,Receiving,5866,Adam Fuehne,https://media.api-sports.io/american-football/players/5866.png,yards,5
22,Pittsburgh Steelers,https://media.api-sports.io/american-football/teams/22.png,Receiving,5863,Issac Blakeney,https://media.api-sports.io/american-football/players/5863.png,yards,0
7,Detroit Lions,https://media.api-sports.io/american-football/teams/7.png,Rushing,1930,Dwayne Washington,https://media.api-sports.io/american-football/players/1930.png,rushing touch downs,0
22,Pittsburgh Steelers,https://media.api-sports.io/american-football/teams/22.png,Rushing,5850,Brandon Brown-Dukes,https://media.api-sports.io/american-football/players/5850.png,rushing touch downs,0
7,Detroit Lions,https://media.api-sports.io/american-football/teams/7.png,Passing,5428,Dan Orlovsky,https://media.api-sports.io/american-football/players/5428.png,passing touch downs,1
22,Pittsburgh Steelers,https://media.api-sports.io/american-football/teams/22.png,Passing,4515,Landry Jones,https://media.api-sports.io/american-football/players/4515.png,passing touch downs,1
22,Pittsburgh Steelers,https://media.api-sports.io/american-football/teams/22.png,Defensive,5895,Ray Vinopal,https://media.api-sports.io/american-football/players/5895.png,interceptions for touch downs,0
7,Detroit Lions,https://media.api-sports.io/american-football/teams/7.png,Defensive,2276,A'Shawn Robinson,https://media.api-sports.io/american-football/players/2276.png,interceptions for touch downs,0
7,Detroit Lions,https://media.api-sports.io/american-football/teams/7.png,Receiving,4530,Stevan Ridley,https://media.api-sports.io/american-football/players/4530.png,yards,5
22,Pittsburgh Steelers,https://media.api-sports.io/american-football/teams/22.png,Receiving,5636,David Johnson,https://media.api-sports.io/american-football/players/5636.png,yards,2
7,Detroit Lions,https://media.api-sports.io/american-football/teams/7.png,Rushing,4530,Stevan Ridley,https://media.api-sports.io/american-football/players/4530.png,rushing touch downs,0
22,Pittsburgh Steelers,https://media.api-sports.io/american-football/teams/22.png,Rushing,4276,Eli Rogers,https://media.api-sports.io/american-football/players/4276.png,rushing touch downs,0
22,Pittsburgh Steelers,https://media.api-sports.io/american-football/teams/22.png,Defensive,4503,Fitzgerald Toussaint,https://media.api-sports.io/american-football/players/4503.png,interceptions for touch downs,0
7,Detroit Lions,https://media.api-sports.io/american-football/teams/7.png,Defensive,3234,Tavon Wilson,https://media.api-sports.io/american-football/players/3234.png,interceptions for touch downs,0
7,Detroit Lions,https://media.api-sports.io/american-football/teams/7.png,Receiving,3827,Cole Wick,https://media.api-sports.io/american-football/players/3827.png,yards,10
22,Pittsburgh Steelers,https://media.api-sports.io/american-football/teams/22.png,Receiving,628,Jesse James,https://media.api-sports.io/american-football/players/628.png,yards,4
7,Detroit Lions,https://media.api-sports.io/american-football/teams/7.png,Rushing,3610,Theo Riddick,https://media.api-sports.io/american-football/players/3610.png,rushing touch downs,0
22,Pittsburgh Steelers,https://media.api-sports.io/american-football/teams/22.png,Rushing,4503,Fitzgerald Toussaint,https://media.api-sports.io/american-football/players/4503.png,rushing touch downs,0
22,Pittsburgh Steelers,https://media.api-sports.io/american-football/teams/22.png,Defensive,3581,Jordan Dangerfield,https://media.api-sports.io/american-football/players/3581.png,interceptions for touch downs,0
7,Detroit Lions,https://media.api-sports.io/american-football/teams/7.png,Defensive,5903,Crezdon Butler,https://media.api-sports.io/american-football/players/5903.png,interceptions for touch downs,0
7,Detroit Lions,https://media.api-sports.io/american-football/teams/7.png,Receiving,5865,Quinshad Davis,https://media.api-sports.io/american-football/players/5865.png,yards,14
22,Pittsburgh Steelers,https://media.api-sports.io/american-football/teams/22.png,Receiving,4500,Demarcus Ayers,https://media.api-sports.io/american-football/players/4500.png,yards,5
7,Detroit Lions,https://media.api-sports.io/american-football/teams/7.png,Rushing,3738,Jake Rudock,https://media.api-sports.io/american-football/players/3738.png,rushing touch downs,0
22,Pittsburgh Steelers,https://media.api-sports.io/american-football/teams/22.png,Rushing,5844,Bruce Gradkowski,https://media.api-sports.io/american-football/players/5844.png,rushing touch downs,0
22,Pittsburgh Steelers,https://media.api-sports.io/american-football/teams/22.png,Defensive,4576,Marcus Tucker,https://media.api-sports.io/american-football/players/4576.png,interceptions for touch downs,0
7,Detroit Lions,https://media.api-sports.io/american-football/teams/7.png,Defensive,1695,Quandre Diggs,https://media.api-sports.io/american-football/players/1695.png,interceptions for touch downs,0
7,Detroit Lions,https://media.api-sports.io/american-football/teams/7.png,Receiving,3803,Orson Charles,https://media.api-sports.io/american-football/players/3803.png,yards,15
22,Pittsburgh Steelers,https://media.api-sports.io/american-football/teams/22.png,Receiving,4276,Eli Rogers,https://media.api-sports.io/american-football/players/4276.png,yards,8
7,Detroit Lions,https://media.api-sports.io/american-football/teams/7.png,Rushing,3759,Zach Zenner,https://media.api-sports.io/american-football/players/3759.png,rushing touch downs,0
22,Pittsburgh Steelers,https://media.api-sports.io/american-football/teams/22.png,Rushing,4500,Demarcus Ayers,https://media.api-sports.io/american-football/players/4500.png,rushing touch downs,0
22,Pittsburgh Steelers,https://media.api-sports.io/american-football/teams/22.png,Defensive,873,Javon Hargrave,https://media.api-sports.io/american-football/players/873.png,interceptions for touch downs,0
7,Detroit Lions,https://media.api-sports.io/american-football/teams/7.png,Defensive,3398,Gabe Wright,https://media.api-sports.io/american-football/players/3398.png,interceptions for touch downs,0
7,Detroit Lions,https://media.api-sports.io/american-football/teams/7.png,Receiving,1930,Dwayne Washington,https://media.api-sports.io/american-football/players/1930.png,yards,15
22,Pittsburgh Steelers,https://media.api-sports.io/american-football/teams/22.png,Receiving,5862,Paul Lang,https://media.api-sports.io/american-football/players/5862.png,yards,15
22,Pittsburgh Steelers,https://media.api-sports.io/american-football/teams/22.png,Rushing,5718,Daryl Richardson,https://media.api-sports.io/american-football/players/5718.png,rushing touch downs,0
22,Pittsburgh Steelers,https://media.api-sports.io/american-football/teams/22.png,Defensive,3602,Anthony Chickillo,https://media.api-sports.io/american-football/players/3602.png,interceptions for touch downs,0
7,Detroit Lions,https://media.api-sports.io/american-football/teams/7.png,Defensive,5902,Keith Lewis,https://media.api-sports.io/american-football/players/5902.png,interceptions for touch downs,0
7,Detroit Lions,https://media.api-sports.io/american-football/teams/7.png,Receiving,81,Marvin Jones Jr.,https://media.api-sports.io/american-football/players/81.png,yards,16
22,Pittsburgh Steelers,https://media.api-sports.io/american-football/teams/22.png,Receiving,5718,Daryl Richardson,https://media.api-sports.io/american-football/players/5718.png,yards,16
22,Pittsburgh Steelers,https://media.api-sports.io/american-football/teams/22.png,Defensive,3881,L.T. Walton,https://media.api-sports.io/american-football/players/3881.png,interceptions for touch downs,0
7,Detroit Lions,https://media.api-sports.io/american-football/teams/7.png,Defensive,3357,Nevin Lawson,https://media.api-sports.io/american-football/players/3357.png,interceptions for touch downs,0
7,Detroit Lions,https://media.api-sports.io/american-football/teams/7.png,Receiving,5512,George Winn,https://media.api-sports.io/american-football/players/5512.png,yards,25
22,Pittsburgh Steelers,https://media.api-sports.io/american-football/teams/22.png,Receiving,4510,Sammie Coates Jr.,https://media.api-sports.io/american-football/players/4510.png,yards,18
22,Pittsburgh Steelers,https://media.api-sports.io/american-football/teams/22.png,Defensive,4870,Arthur Moats,https://media.api-sports.io/american-football/players/4870.png,interceptions for touch downs,0
7,Detroit Lions,https://media.api-sports.io/american-football/teams/7.png,Defensive,3643,Caraun Reid,https://media.api-sports.io/american-football/players/3643.png,interceptions for touch downs,0
7,Detroit Lions,https://media.api-sports.io/american-football/teams/7.png,Receiving,5564,Anquan Boldin,https://media.api-sports.io/american-football/players/5564.png,yards,30
22,Pittsburgh Steelers,https://media.api-sports.io/american-football/teams/22.png,Receiving,5033,Cobi Hamilton,https://media.api-sports.io/american-football/players/5033.png,yards,22
22,Pittsburgh Steelers,https://media.api-sports.io/american-football/teams/22.png,Defensive,5894,Ricardo Mathews,https://media.api-sports.io/american-football/players/5894.png,interceptions for touch downs,0
7,Detroit Lions,https://media.api-sports.io/american-football/teams/7.png,Defensive,5531,Khyri Thornton,https://media.api-sports.io/american-football/players/5531.png,interceptions for touch downs,0
7,Detroit Lions,https://media.api-sports.io/american-football/teams/7.png,Receiving,3759,Zach Zenner,https://media.api-sports.io/american-football/players/3759.png,yards,32
22,Pittsburgh Steelers,https://media.api-sports.io/american-football/teams/22.png,Receiving,4888,Darrius Heyward-Bey,https://media.api-sports.io/american-football/players/4888.png,yards,29
22,Pittsburgh Steelers,https://media.api-sports.io/american-football/teams/22.png,Defensive,5893,Cody Wallace,https://media.api-sports.io/american-football/players/5893.png,interceptions for touch downs,0
7,Detroit Lions,https://media.api-sports.io/american-football/teams/7.png,Defensive,5901,Travis Swanson,https://media.api-sports.io/american-football/players/5901.png,interceptions for touch downs,0
7,Detroit Lions,https://media.api-sports.io/american-football/teams/7.png,Receiving,4799,Jace Billingsley,https://media.api-sports.io/american-football/players/4799.png,yards,33
22,Pittsburgh Steelers,https://media.api-sports.io/american-football/teams/22.png,Defensive,4993,William Gay,https://media.api-sports.io/american-football/players/4993.png,interceptions for touch downs,0
7,Detroit Lions,https://media.api-sports.io/american-football/teams/7.png,Defensive,4025,Johnson Bademosi,https://media.api-sports.io/american-football/players/4025.png,interceptions for touch downs,0
7,Detroit Lions,https://media.api-sports.io/american-football/teams/7.png,Receiving,4551,Jeremy Kerley,https://media.api-sports.io/american-football/players/4551.png,yards,36
22,Pittsburgh Steelers,https://media.api-sports.io/american-football/teams/22.png,Defensive,1466,Tyler Matakevich,https://media.api-sports.io/american-football/players/1466.png,interceptions for touch downs,0
7,Detroit Lions,https://media.api-sports.io/american-football/teams/7.png,Defensive,3918,Anthony Zettel,https://media.api-sports.io/american-football/players/3918.png,interceptions for touch downs,0
7,Detroit Lions,https://media.api-sports.io/american-football/teams/7.png,Receiving,1354,Andre Roberts,https://media.api-sports.io/american-football/players/1354.png,yards,57
22,Pittsburgh Steelers,https://media.api-sports.io/american-football/teams/22.png,Defensive,5644,Johnny Maxey,https://media.api-sports.io/american-football/players/5644.png,interceptions for touch downs,0
7,Detroit Lions,https://media.api-sports.io/american-football/teams/7.png,Defensive,1015,Kerry Hyder Jr.,https://media.api-sports.io/american-football/players/1015.png,interceptions for touch downs,0
22,Pittsburgh Steelers,https://media.api-sports.io/american-football/teams/22.png,Defensive,5892,Kevin White,https://media.api-sports.io/american-football/players/5892.png,interceptions for touch downs,0
7,Detroit Lions,https://media.api-sports.io/american-football/teams/7.png,Defensive,4403,Stefan Charles,https://media.api-sports.io/american-football/players/4403.png,interceptions for touch downs,0
22,Pittsburgh Steelers,https://media.api-sports.io/american-football/teams/22.png,Defensive,5891,Mike Reilly,https://media.api-sports.io/american-football/players/5891.png,interceptions for touch downs,0
7,Detroit Lions,https://media.api-sports.io/american-football/teams/7.png,Defensive,5488,Zaviar Gooden,https://media.api-sports.io/american-football/players/5488.png,interceptions for touch downs,0
22,Pittsburgh Steelers,https://media.api-sports.io/american-football/teams/22.png,Defensive,4277,Xavier Grimble,https://media.api-sports.io/american-football/players/4277.png,interceptions for touch downs,0
7,Detroit Lions,https://media.api-sports.io/american-football/teams/7.png,Defensive,5389,Devin Taylor,https://media.api-sports.io/american-football/players/5389.png,interceptions for touch downs,0
22,Pittsburgh Steelers,https://media.api-sports.io/american-football/teams/22.png,Defensive,5674,Ryan Shazier,https://media.api-sports.io/american-football/players/5674.png,interceptions for touch downs,0
7,Detroit Lions,https://media.api-sports.io/american-football/teams/7.png,Defensive,5756,Don Juan Carey,https://media.api-sports.io/american-football/players/5756.png,interceptions for touch downs,0
22,Pittsburgh Steelers,https://media.api-sports.io/american-football/teams/22.png,Defensive,5683,James Harrison,https://media.api-sports.io/american-football/players/5683.png,interceptions for touch downs,0
7,Detroit Lions,https://media.api-sports.io/american-football/teams/7.png,Defensive,5900,Quanterus Smith,https://media.api-sports.io/american-football/players/5900.png,interceptions for touch downs,0
22,Pittsburgh Steelers,https://media.api-sports.io/american-football/teams/22.png,Defensive,4866,Caushaud Lyons,https://media.api-sports.io/american-football/players/4866.png,interceptions for touch downs,0
7,Detroit Lions,https://media.api-sports.io/american-football/teams/7.png,Defensive,5708,Rashaad Reynolds,https://media.api-sports.io/american-football/players/5708.png,interceptions for touch downs,0
22,Pittsburgh Steelers,https://media.api-sports.io/american-football/teams/22.png,Defensive,5401,Jacob Hagen,https://media.api-sports.io/american-football/players/5401.png,interceptions for touch downs,0
7,Detroit Lions,https://media.api-sports.io/american-football/teams/7.png,Defensive,1628,Miles Killebrew,https://media.api-sports.io/american-football/players/1628.png,interceptions for touch downs,0
22,Pittsburgh Steelers,https://media.api-sports.io/american-football/teams/22.png,Defensive,5890,Jordan Zumwalt,https://media.api-sports.io/american-football/players/5890.png,interceptions for touch downs,0
7,Detroit Lions,https://media.api-sports.io/american-football/teams/7.png,Defensive,5899,Chi Chi Ariguzo,https://media.api-sports.io/american-football/players/5899.png,interceptions for touch downs,0
22,Pittsburgh Steelers,https://media.api-sports.io/american-football/teams/22.png,Defensive,2807,Ross Cockrell,https://media.api-sports.io/american-football/players/2807.png,interceptions for touch downs,0
7,Detroit Lions,https://media.api-sports.io/american-football/teams/7.png,Defensive,2208,Kyle Van Noy,https://media.api-sports.io/american-football/players/2208.png,interceptions for touch downs,0
22,Pittsburgh Steelers,https://media.api-sports.io/american-football/teams/22.png,Defensive,4060,Shamarko Thomas,https://media.api-sports.io/american-football/players/4060.png,interceptions for touch downs,0
7,Detroit Lions,https://media.api-sports.io/american-football/teams/7.png,Defensive,5898,Darrin Walls,https://media.api-sports.io/american-football/players/5898.png,interceptions for touch downs,0
22,Pittsburgh Steelers,https://media.api-sports.io/american-football/teams/22.png,Defensive,5277,Lawrence Timmons,https://media.api-sports.io/american-football/players/5277.png,interceptions for touch downs,0
7,Detroit Lions,https://media.api-sports.io/american-football/teams/7.png,Defensive,3889,Isaiah Johnson,https://media.api-sports.io/american-football/players/3889.png,interceptions for touch downs,0
22,Pittsburgh Steelers,https://media.api-sports.io/american-football/teams/22.png,Defensive,5150,Mike Mitchell,https://media.api-sports.io/american-football/players/5150.png,interceptions for touch downs,0
7,Detroit Lions,https://media.api-sports.io/american-football/teams/7.png,Defensive,4010,Antwione Williams,https://media.api-sports.io/american-football/players/4010.png,interceptions for touch downs,0
22,Pittsburgh Steelers,https://media.api-sports.io/american-football/teams/22.png,Defensive,4734,Robert Golden,https://media.api-sports.io/american-football/players/4734.png,interceptions for touch downs,0
7,Detroit Lions,https://media.api-sports.io/american-football/teams/7.png,Defensive,5897,Khaseem Greene,https://media.api-sports.io/american-football/players/5897.png,interceptions for touch downs,0
22,Pittsburgh Steelers,https://media.api-sports.io/american-football/teams/22.png,Defensive,5402,Steven Johnson,https://media.api-sports.io/american-football/players/5402.png,interceptions for touch downs,0
22,Pittsburgh Steelers,https://media.api-sports.io/american-football/teams/22.png,Defensive,3659,Daniel McCullers,https://media.api-sports.io/american-football/players/3659.png,interceptions for touch downs,0
22,Pittsburgh Steelers,https://media.api-sports.io/american-football/teams/22.png,Defensive,3294,Sean Davis,https://media.api-sports.io/american-football/players/3294.png,interceptions for touch downs,0
22,Pittsburgh Steelers,https://media.api-sports.io/american-football/teams/22.png,Defensive,3565,Vince Williams,https://media.api-sports.io/american-football/players/3565.png,interceptions for touch downs,0
22,Pittsburgh Steelers,https://media.api-sports.io/american-football/teams/22.png,Defensive,3188,L.J. Fort,https://media.api-sports.io/american-football/players/3188.png,interceptions for touch downs,0
22,Pittsburgh Steelers,https://media.api-sports.io/american-football/teams/22.png,Defensive,4639,Doran Grant,https://media.api-sports.io/american-football/players/4639.png,interceptions for touch downs,1
22,Pittsburgh Steelers,https://media.api-sports.io/american-football/teams/22.png,Punting,2863,Jordan Berry,https://media.api-sports.io/american-football/players/2863.png,total,3
7,Detroit Lions,https://media.api-sports.io/american-football/teams/7.png,Punting,1485,Sam Martin,https://media.api-sports.io/american-football/players/1485.png,total,1
22,Pittsburgh Steelers,https://media.api-sports.io/american-football/teams/22.png,Kicking,1630,Chris Boswell,https://media.api-sports.io/american-football/players/1630.png,points,5
7,Detroit Lions,https://media.api-sports.io/american-football/teams/7.png,Kicking,5841,Devon Bell,https://media.api-sports.io/american-football/players/5841.png,points,3
22,Pittsburgh Steelers,https://media.api-sports.io/american-football/teams/22.png,Kick_returns,4503,Fitzgerald Toussaint,https://media.api-sports.io/american-football/players/4503.png,yards,23
7,Detroit Lions,https://media.api-sports.io/american-football/teams/7.png,Kick_returns,4551,Jeremy Kerley,https://media.api-sports.io/american-football/players/4551.png,yards,23
22,Pittsburgh Steelers,https://media.api-sports.io/american-football/teams/22.png,Defensive,5896,Montell Garner,https://media.api-sports.io/american-football/players/5896.png,qb hts,0
7,Detroit Lions,https://media.api-sports.io/american-football/teams/7.png,Defensive,1930,Dwayne Washington,https://media.api-sports.io/american-football/players/1930.png,qb hts,0
7,Detroit Lions,https://media.api-sports.io/american-football/teams/7.png,Receiving,3713,TJ Jones,https://media.api-sports.io/american-football/players/3713.png,total receptions,1
22,Pittsburgh Steelers,https://media.api-sports.io/american-football/teams/22.png,Receiving,4576,Marcus Tucker,https://media.api-sports.io/american-football/players/4576.png,total receptions,0
7,Detroit Lions,https://media.api-sports.io/american-football/teams/7.png,Rushing,5512,George Winn,https://media.api-sports.io/american-football/players/5512.png,average,1.3
22,Pittsburgh Steelers,https://media.api-sports.io/american-football/teams/22.png,Rushing,4510,Sammie Coates Jr.,https://media.api-sports.io/american-football/players/4510.png,average,0.0
7,Detroit Lions,https://media.api-sports.io/american-football/teams/7.png,Passing,2227,Matthew Stafford,https://media.api-sports.io/american-football/players/2227.png,average,9.7
22,Pittsburgh Steelers,https://media.api-sports.io/american-football/teams/22.png,Passing,5844,Bruce Gradkowski,https://media.api-sports.io/american-football/players/5844.png,average,7.3
22,Pittsburgh Steelers,https://media.api-sports.io/american-football/teams/22.png,Punting,5423,Will Monday,https://media.api-sports.io/american-football/players/5423.png,total,4
7,Detroit Lions,https://media.api-sports.io/american-football/teams/7.png,Punting,5841,Devon Bell,https://media.api-sports.io/american-football/players/5841.png,total,2
7,Detroit Lions,https://media.api-sports.io/american-football/teams/7.png,Kicking,826,Matt Prater,https://media.api-sports.io/american-football/players/826.png,points,7
22,Pittsburgh Steelers,https://media.api-sports.io/american-football/teams/22.png,Kick_returns,5718,Daryl Richardson,https://media.api-sports.io/american-football/players/5718.png,yards,25
7,Detroit Lions,https://media.api-sports.io/american-football/teams/7.png,Kick_returns,1354,Andre Roberts,https://media.api-sports.io/american-football/players/1354.png,yards,36
22,Pittsburgh Steelers,https://media.api-sports.io/american-football/teams/22.png,Defensive,4102,Lavon Hooks,https://media.api-sports.io/american-football/players/4102.png,qb hts,0
7,Detroit Lions,https://media.api-sports.io/american-football/teams/7.png,Defensive,825,Charles Washington,https://media.api-sports.io/american-football/players/825.png,qb hts,0
7,Detroit Lions,https://media.api-sports.io/american-football/teams/7.png,Receiving,3610,Theo Riddick,https://media.api-sports.io/american-football/players/3610.png,total receptions,1
22,Pittsburgh Steelers,https://media.api-sports.io/american-football/teams/22.png,Receiving,5864,Levi Norwood,https://media.api-sports.io/american-football/players/5864.png,total receptions,0
7,Detroit Lions,https://media.api-sports.io/american-football/teams/7.png,Rushing,2227,Matthew Stafford,https://media.api-sports.io/american-football/players/2227.png,average,5.0
22,Pittsburgh Steelers,https://media.api-sports.io/american-football/teams/22.png,Rushing,5851,Cameron Stingily,https://media.api-sports.io/american-football/players/5851.png,average,1.0
7,Detroit Lions,https://media.api-sports.io/american-football/teams/7.png,Passing,3738,Jake Rudock,https://media.api-sports.io/american-football/players/3738.png,average,6.5
22,Pittsburgh Steelers,https://media.api-sports.io/american-football/teams/22.png,Passing,5210,Dustin Vaughan,https://media.api-sports.io/american-football/players/5210.png,average,4.5
7,Detroit Lions,https://media.api-sports.io/american-football/teams/7.png,Kick_returns,1930,Dwayne Washington,https://media.api-sports.io/american-football/players/1930.png,yards,96
22,Pittsburgh Steelers,https://media.api-sports.io/american-football/teams/22.png,Defensive,5862,Paul Lang,https://media.api-sports.io/american-football/players/5862.png,qb hts,0
7,Detroit Lions,https://media.api-sports.io/american-football/teams/7.png,Defensive,3508,Tahir Whitehead,https://media.api-sports.io/american-football/players/3508.png,qb hts,0
7,Detroit Lions,https://media.api-sports.io/american-football/teams/7.png,Receiving,5866,Adam Fuehne,https://media.api-sports.io/american-football/players/5866.png,total receptions,1
22,Pittsburgh Steelers,https://media.api-sports.io/american-football/teams/22.png,Receiving,5863,Issac Blakeney,https://media.api-sports.io/american-football/players/5863.png,total receptions,0
7,Detroit Lions,https://media.api-sports.io/american-football/teams/7.png,Rushing,1930,Dwayne Washington,https://media.api-sports.io/american-football/players/1930.png,average,6.0
22,Pittsburgh Steelers,https://media.api-sports.io/american-football/teams/22.png,Rushing,5850,Brandon Brown-Dukes,https://media.api-sports.io/american-football/players/5850.png,average,2.0
7,Detroit Lions,https://media.api-sports.io/american-football/teams/7.png,Passing,5428,Dan Orlovsky,https://media.api-sports.io/american-football/players/5428.png,average,6.6
22,Pittsburgh Steelers,https://media.api-sports.io/american-football/teams/22.png,Passing,4515,Landry Jones,https://media.api-sports.io/american-football/players/4515.png,average,4.6
22,Pittsburgh Steelers,https://media.api-sports.io/american-football/teams/22.png,Defensive,5895,Ray Vinopal,https://media.api-sports.io/american-football/players/5895.png,qb hts,0
7,Detroit Lions,https://media.api-sports.io/american-football/teams/7.png,Defensive,2276,A'Shawn Robinson,https://media.api-sports.io/american-football/players/2276.png,qb hts,0
7,Detroit Lions,https://media.api-sports.io/american-football/teams/7.png,Receiving,4530,Stevan Ridley,https://media.api-sports.io/american-football/players/4530.png,total receptions,1
22,Pittsburgh Steelers,https://media.api-sports.io/american-football/teams/22.png,Receiving,5636,David Johnson,https://media.api-sports.io/american-football/players/5636.png,total receptions,1
7,Detroit Lions,https://media.api-sports.io/american-football/teams/7.png,Rushing,4530,Stevan Ridley,https://media.api-sports.io/american-football/players/4530.png,average,2.8
22,Pittsburgh Steelers,https://media.api-sports.io/american-football/teams/22.png,Rushing,4276,Eli Rogers,https://media.api-sports.io/american-football/players/4276.png,average,5.0
22,Pittsburgh Steelers,https://media.api-sports.io/american-football/teams/22.png,Defensive,4503,Fitzgerald Toussaint,https://media.api-sports.io/american-football/players/4503.png,qb hts,0
7,Detroit Lions,https://media.api-sports.io/american-football/teams/7.png,Defensive,3234,Tavon Wilson,https://media.api-sports.io/american-football/players/3234.png,qb hts,0
7,Detroit Lions,https://media.api-sports.io/american-football/teams/7.png,Receiving,3827,Cole Wick,https://media.api-sports.io/american-football/players/3827.png,total receptions,1
22,Pittsburgh Steelers,https://media.api-sports.io/american-football/teams/22.png,Receiving,628,Jesse James,https://media.api-sports.io/american-football/players/628.png,total receptions,1
7,Detroit Lions,https://media.api-sports.io/american-football/teams/7.png,Rushing,3610,Theo Riddick,https://media.api-sports.io/american-football/players/3610.png,average,3.8
22,Pittsburgh Steelers,https://media.api-sports.io/american-football/teams/22.png,Rushing,4503,Fitzgerald Toussaint,https://media.api-sports.io/american-football/players/4503.png,average,4.0
22,Pittsburgh Steelers,https://media.api-sports.io/american-football/teams/22.png,Defensive,3581,Jordan Dangerfield,https://media.api-sports.io/american-football/players/3581.png,qb hts,0
7,Detroit Lions,https://media.api-sports.io/american-football/teams/7.png,Defensive,5903,Crezdon Butler,https://media.api-sports.io/american-football/players/5903.png,qb hts,0
7,Detroit Lions,https://media.api-sports.io/american-football/teams/7.png,Receiving,5865,Quinshad Davis,https://media.api-sports.io/american-football/players/5865.png,total receptions,2
22,Pittsburgh Steelers,https://media.api-sports.io/american-football/teams/22.png,Receiving,4500,Demarcus Ayers,https://media.api-sports.io/american-football/players/4500.png,total receptions,1
7,Detroit Lions,https://media.api-sports.io/american-football/teams/7.png,Rushing,3738,Jake Rudock,https://media.api-sports.io/american-football/players/3738.png,average,5.0
22,Pittsburgh Steelers,https://media.api-sports.io/american-football/teams/22.png,Rushing,5844,Bruce Gradkowski,https://media.api-sports.io/american-football/players/5844.png,average,5.5
22,Pittsburgh Steelers,https://media.api-sports.io/american-football/teams/22.png,Defensive,4576,Marcus Tucker,https://media.api-sports.io/american-football/players/4576.png,qb hts,0
7,Detroit Lions,https://media.api-sports.io/american-football/teams/7.png,Defensive,1695,Quandre Diggs,https://media.api-sports.io/american-football/players/1695.png,qb hts,0
7,Detroit Lions,https://media.api-sports.io/american-football/teams/7.png,Receiving,3803,Orson Charles,https://media.api-sports.io/american-football/players/3803.png,total receptions,2
22,Pittsburgh Steelers,https://media.api-sports.io/american-football/teams/22.png,Receiving,4276,Eli Rogers,https://media.api-sports.io/american-football/players/4276.png,total receptions,1
7,Detroit Lions,https://media.api-sports.io/american-football/teams/7.png,Rushing,3759,Zach Zenner,https://media.api-sports.io/american-football/players/3759.png,average,3.4
22,Pittsburgh Steelers,https://media.api-sports.io/american-football/teams/22.png,Rushing,4500,Demarcus Ayers,https://media.api-sports.io/american-football/players/4500.png,average,14.0
22,Pittsburgh Steelers,https://media.api-sports.io/american-football/teams/22.png,Defensive,873,Javon Hargrave,https://media.api-sports.io/american-football/players/873.png,qb hts,0
7,Detroit Lions,https://media.api-sports.io/american-football/teams/7.png,Defensive,3398,Gabe Wright,https://media.api-sports.io/american-football/players/3398.png,qb hts,0
7,Detroit Lions,https://media.api-sports.io/american-football/teams/7.png,Receiving,1930,Dwayne Washington,https://media.api-sports.io/american-football/players/1930.png,total receptions,1
22,Pittsburgh Steelers,https://media.api-sports.io/american-football/teams/22.png,Receiving,5862,Paul Lang,https://media.api-sports.io/american-football/players/5862.png,total receptions,2
22,Pittsburgh Steelers,https://media.api-sports.io/american-football/teams/22.png,Rushing,5718,Daryl Richardson,https://media.api-sports.io/american-football/players/5718.png,average,4.0
22,Pittsburgh Steelers,https://media.api-sports.io/american-football/teams/22.png,Defensive,3602,Anthony Chickillo,https://media.api-sports.io/american-football/players/3602.png,qb hts,0
7,Detroit Lions,https://media.api-sports.io/american-football/teams/7.png,Defensive,5902,Keith Lewis,https://media.api-sports.io/american-football/players/5902.png,qb hts,0
7,Detroit Lions,https://media.api-sports.io/american-football/teams/7.png,Receiving,81,Marvin Jones Jr.,https://media.api-sports.io/american-football/players/81.png,total receptions,1
22,Pittsburgh Steelers,https://media.api-sports.io/american-football/teams/22.png,Receiving,5718,Daryl Richardson,https://media.api-sports.io/american-football/players/5718.png,total receptions,2
22,Pittsburgh Steelers,https://media.api-sports.io/american-football/teams/22.png,Defensive,3881,L.T. Walton,https://media.api-sports.io/american-football/players/3881.png,qb hts,0
7,Detroit Lions,https://media.api-sports.io/american-football/teams/7.png,Defensive,3357,Nevin Lawson,https://media.api-sports.io/american-football/players/3357.png,qb hts,0
7,Detroit Lions,https://media.api-sports.io/american-football/teams/7.png,Receiving,5512,George Winn,https://media.api-sports.io/american-football/players/5512.png,total receptions,2
22,Pittsburgh Steelers,https://media.api-sports.io/american-football/teams/22.png,Receiving,4510,Sammie Coates Jr.,https://media.api-sports.io/american-football/players/4510.png,total receptions,3
22,Pittsburgh Steelers,https://media.api-sports.io/american-football/teams/22.png,Defensive,4870,Arthur Moats,https://media.api-sports.io/american-football/players/4870.png,qb hts,1
7,Detroit Lions,https://media.api-sports.io/american-football/teams/7.png,Defensive,3643,Caraun Reid,https://media.api-sports.io/american-football/players/3643.png,qb hts,0
7,Detroit Lions,https://media.api-sports.io/american-football/teams/7.png,Receiving,5564,Anquan Boldin,https://media.api-sports.io/american-football/players/5564.png,total receptions,1
22,Pittsburgh Steelers,https://media.api-sports.io/american-football/teams/22.png,Receiving,5033,Cobi Hamilton,https://media.api-sports.io/american-football/players/5033.png,total receptions,2
22,Pittsburgh Steelers,https://media.api-sports.io/american-football/teams/22.png,Defensive,5894,Ricardo Mathews,https://media.api-sports.io/american-football/players/5894.png,qb hts,0
7,Detroit Lions,https://media.api-sports.io/american-football/teams/7.png,Defensive,5531,Khyri Thornton,https://media.api-sports.io/american-football/players/5531.png,qb hts,0
7,Detroit Lions,https://media.api-sports.io/american-football/teams/7.png,Receiving,3759,Zach Zenner,https://media.api-sports.io/american-football/players/3759.png,total receptions,3
22,Pittsburgh Steelers,https://media.api-sports.io/american-football/teams/22.png,Receiving,4888,Darrius Heyward-Bey,https://media.api-sports.io/american-football/players/4888.png,total receptions,1
22,Pittsburgh Steelers,https://media.api-sports.io/american-football/teams/22.png,Defensive,5893,Cody Wallace,https://media.api-sports.io/american-football/players/5893.png,qb hts,0
7,Detroit Lions,https://media.api-sports.io/american-football/teams/7.png,Defensive,5901,Travis Swanson,https://media.api-sports.io/american-football/players/5901.png,qb hts,0
7,Detroit Lions,https://media.api-sports.io/american-football/teams/7.png,Receiving,4799,Jace Billingsley,https://media.api-sports.io/american-football/players/4799.png,total receptions,3
22,Pittsburgh Steelers,https://media.api-sports.io/american-football/teams/22.png,Defensive,4993,William Gay,https://media.api-sports.io/american-football/players/4993.png,qb hts,0
7,Detroit Lions,https://media.api-sports.io/american-football/teams/7.png,Defensive,4025,Johnson Bademosi,https://media.api-sports.io/american-football/players/4025.png,qb hts,0
7,Detroit Lions,https://media.api-sports.io/american-football/teams/7.png,Receiving,4551,Jeremy Kerley,https://media.api-sports.io/american-football/players/4551.png,total receptions,5
22,Pittsburgh Steelers,https://media.api-sports.io/american-football/teams/22.png,Defensive,1466,Tyler Matakevich,https://media.api-sports.io/american-football/players/1466.png,qb hts,0
7,Detroit Lions,https://media.api-sports.io/american-football/teams/7.png,Defensive,3918,Anthony Zettel,https://media.api-sports.io/american-football/players/3918.png,qb hts,1
7,Detroit Lions,https://media.api-sports.io/american-football/teams/7.png,Receiving,1354,Andre Roberts,https://media.api-sports.io/american-football/players/1354.png,total receptions,3
22,Pittsburgh Steelers,https://media.api-sports.io/american-football/teams/22.png,Defensive,5644,Johnny Maxey,https://media.api-sports.io/american-football/players/5644.png,qb hts,0
7,Detroit Lions,https://media.api-sports.io/american-football/teams/7.png,Defensive,1015,Kerry Hyder Jr.,https://media.api-sports.io/american-football/players/1015.png,qb hts,0
22,Pittsburgh Steelers,https://media.api-sports.io/american-football/teams/22.png,Defensive,5892,Kevin White,https://media.api-sports.io/american-football/players/5892.png,qb hts,0
7,Detroit Lions,https://media.api-sports.io/american-football/teams/7.png,Defensive,4403,Stefan Charles,https://media.api-sports.io/american-football/players/4403.png,qb hts,0
22,Pittsburgh Steelers,https://media.api-sports.io/american-football/teams/22.png,Defensive,5891,Mike Reilly,https://media.api-sports.io/american-football/players/5891.png,qb hts,0
7,Detroit Lions,https://media.api-sports.io/american-football/teams/7.png,Defensive,5488,Zaviar Gooden,https://media.api-sports.io/american-football/players/5488.png,qb hts,0
22,Pittsburgh Steelers,https://media.api-sports.io/american-football/teams/22.png,Defensive,4277,Xavier Grimble,https://media.api-sports.io/american-football/players/4277.png,qb hts,0
7,Detroit Lions,https://media.api-sports.io/american-football/teams/7.png,Defensive,5389,Devin Taylor,https://media.api-sports.io/american-football/players/5389.png,qb hts,1
22,Pittsburgh Steelers,https://media.api-sports.io/american-football/teams/22.png,Defensive,5674,Ryan Shazier,https://media.api-sports.io/american-football/players/5674.png,qb hts,0
7,Detroit Lions,https://media.api-sports.io/american-football/teams/7.png,Defensive,5756,Don Juan Carey,https://media.api-sports.io/american-football/players/5756.png,qb hts,0
22,Pittsburgh Steelers,https://media.api-sports.io/american-football/teams/22.png,Defensive,5683,James Harrison,https://media.api-sports.io/american-football/players/5683.png,qb hts,1
7,Detroit Lions,https://media.api-sports.io/american-football/teams/7.png,Defensive,5900,Quanterus Smith,https://media.api-sports.io/american-football/players/5900.png,qb hts,0
22,Pittsburgh Steelers,https://media.api-sports.io/american-football/teams/22.png,Defensive,4866,Caushaud Lyons,https://media.api-sports.io/american-football/players/4866.png,qb hts,0
7,Detroit Lions,https://media.api-sports.io/american-football/teams/7.png,Defensive,5708,Rashaad Reynolds,https://media.api-sports.io/american-football/players/5708.png,qb hts,0
22,Pittsburgh Steelers,https://media.api-sports.io/american-football/teams/22.png,Defensive,5401,Jacob Hagen,https://media.api-sports.io/american-football/players/5401.png,qb hts,0
7,Detroit Lions,https://media.api-sports.io/american-football/teams/7.png,Defensive,1628,Miles Killebrew,https://media.api-sports.io/american-football/players/1628.png,qb hts,0
22,Pittsburgh Steelers,https://media.api-sports.io/american-football/teams/22.png,Defensive,5890,Jordan Zumwalt,https://media.api-sports.io/american-football/players/5890.png,qb hts,0
7,Detroit Lions,https://media.api-sports.io/american-football/teams/7.png,Defensive,5899,Chi Chi Ariguzo,https://media.api-sports.io/american-football/players/5899.png,qb hts,0
22,Pittsburgh Steelers,https://media.api-sports.io/american-football/teams/22.png,Defensive,2807,Ross Cockrell,https://media.api-sports.io/american-football/players/2807.png,qb hts,0
7,Detroit Lions,https://media.api-sports.io/american-football/teams/7.png,Defensive,2208,Kyle Van Noy,https://media.api-sports.io/american-football/players/2208.png,qb hts,0
22,Pittsburgh Steelers,https://media.api-sports.io/american-football/teams/22.png,Defensive,4060,Shamarko Thomas,https://media.api-sports.io/american-football/players/4060.png,qb hts,0
7,Detroit Lions,https://media.api-sports.io/american-football/teams/7.png,Defensive,5898,Darrin Walls,https://media.api-sports.io/american-football/players/5898.png,qb hts,0
22,Pittsburgh Steelers,https://media.api-sports.io/american-football/teams/22.png,Defensive,5277,Lawrence Timmons,https://media.api-sports.io/american-football/players/5277.png,qb hts,1
7,Detroit Lions,https://media.api-sports.io/american-football/teams/7.png,Defensive,3889,Isaiah Johnson,https://media.api-sports.io/american-football/players/3889.png,qb hts,0
22,Pittsburgh Steelers,https://media.api-sports.io/american-football/teams/22.png,Defensive,5150,Mike Mitchell,https://media.api-sports.io/american-football/players/5150.png,qb hts,0
7,Detroit Lions,https://media.api-sports.io/american-football/teams/7.png,Defensive,4010,Antwione Williams,https://media.api-sports.io/american-football/players/4010.png,qb hts,0
22,Pittsburgh Steelers,https://media.api-sports.io/american-football/teams/22.png,Defensive,4734,Robert Golden,https://media.api-sports.io/american-football/players/4734.png,qb hts,0
7,Detroit Lions,https://media.api-sports.io/american-football/teams/7.png,Defensive,5897,Khaseem Greene,https://media.api-sports.io/american-football/players/5897.png,qb hts,1
22,Pittsburgh Steelers,https://media.api-sports.io/american-football/teams/22.png,Defensive,5402,Steven Johnson,https://media.api-sports.io/american-football/players/5402.png,qb hts,0
22,Pittsburgh Steelers,https://media.api-sports.io/american-football/teams/22.png,Defensive,3659,Daniel McCullers,https://media.api-sports.io/american-football/players/3659.png,qb hts,1
22,Pittsburgh Steelers,https://media.api-sports.io/american-football/teams/22.png,Defensive,3294,Sean Davis,https://media.api-sports.io/american-football/players/3294.png,qb hts,0
22,Pittsburgh Steelers,https://media.api-sports.io/american-football/teams/22.png,Defensive,3565,Vince Williams,https://media.api-sports.io/american-football/players/3565.png,qb hts,0
22,Pittsburgh Steelers,https://media.api-sports.io/american-football/teams/22.png,Defensive,3188,L.J. Fort,https://media.api-sports.io/american-football/players/3188.png,qb hts,0
22,Pittsburgh Steelers,https://media.api-sports.io/american-football/teams/22.png,Defensive,4639,Doran Grant,https://media.api-sports.io/american-football/players/4639.png,qb hts,0
22,Pittsburgh Steelers,https://media.api-sports.io/american-football/teams/22.png,Kicking,1630,Chris Boswell,https://media.api-sports.io/american-football/players/1630.png,extra point,2/2
7,Detroit Lions,https://media.api-sports.io/american-football/teams/7.png,Kicking,5841,Devon Bell,https://media.api-sports.io/american-football/players/5841.png,extra point,0/1
22,Pittsburgh Steelers,https://media.api-sports.io/american-football/teams/22.png,Kick_returns,4503,Fitzgerald Toussaint,https://media.api-sports.io/american-football/players/4503.png,total,1
7,Detroit Lions,https://media.api-sports.io/american-football/teams/7.png,Kick_returns,4551,Jeremy Kerley,https://media.api-sports.io/american-football/players/4551.png,total,1
22,Pittsburgh Steelers,https://media.api-sports.io/american-football/teams/22.png,Defensive,5896,Montell Garner,https://media.api-sports.io/american-football/players/5896.png,passes defended,0
7,Detroit Lions,https://media.api-sports.io/american-football/teams/7.png,Defensive,1930,Dwayne Washington,https://media.api-sports.io/american-football/players/1930.png,passes defended,0
7,Detroit Lions,https://media.api-sports.io/american-football/teams/7.png,Receiving,3713,TJ Jones,https://media.api-sports.io/american-football/players/3713.png,targets,
22,Pittsburgh Steelers,https://media.api-sports.io/american-football/teams/22.png,Receiving,4576,Marcus Tucker,https://media.api-sports.io/american-football/players/4576.png,targets,
7,Detroit Lions,https://media.api-sports.io/american-football/teams/7.png,Rushing,5512,George Winn,https://media.api-sports.io/american-football/players/5512.png,yards,5
22,Pittsburgh Steelers,https://media.api-sports.io/american-football/teams/22.png,Rushing,4510,Sammie Coates Jr.,https://media.api-sports.io/american-football/players/4510.png,yards,0
7,Detroit Lions,https://media.api-sports.io/american-football/teams/7.png,Passing,2227,Matthew Stafford,https://media.api-sports.io/american-football/players/2227.png,yards,58
22,Pittsburgh Steelers,https://media.api-sports.io/american-football/teams/22.png,Passing,5844,Bruce Gradkowski,https://media.api-sports.io/american-football/players/5844.png,yards,22
7,Detroit Lions,https://media.api-sports.io/american-football/teams/7.png,Kicking,826,Matt Prater,https://media.api-sports.io/american-football/players/826.png,extra point,1/1
22,Pittsburgh Steelers,https://media.api-sports.io/american-football/teams/22.png,Kick_returns,5718,Daryl Richardson,https://media.api-sports.io/american-football/players/5718.png,total,1
7,Detroit Lions,https://media.api-sports.io/american-football/teams/7.png,Kick_returns,1354,Andre Roberts,https://media.api-sports.io/american-football/players/1354.png,total,2
22,Pittsburgh Steelers,https://media.api-sports.io/american-football/teams/22.png,Defensive,4102,Lavon Hooks,https://media.api-sports.io/american-football/players/4102.png,passes defended,0
7,Detroit Lions,https://media.api-sports.io/american-football/teams/7.png,Defensive,825,Charles Washington,https://media.api-sports.io/american-football/players/825.png,passes defended,1
7,Detroit Lions,https://media.api-sports.io/american-football/teams/7.png,Receiving,3610,Theo Riddick,https://media.api-sports.io/american-football/players/3610.png,targets,
22,Pittsburgh Steelers,https://media.api-sports.io/american-football/teams/22.png,Receiving,5864,Levi Norwood,https://media.api-sports.io/american-football/players/5864.png,targets,
7,Detroit Lions,https://media.api-sports.io/american-football/teams/7.png,Rushing,2227,Matthew Stafford,https://media.api-sports.io/american-football/players/2227.png,yards,5
22,Pittsburgh Steelers,https://media.api-sports.io/american-football/teams/22.png,Rushing,5851,Cameron Stingily,https://media.api-sports.io/american-football/players/5851.png,yards,1
7,Detroit Lions,https://media.api-sports.io/american-football/teams/7.png,Passing,3738,Jake Rudock,https://media.api-sports.io/american-football/players/3738.png,yards,72
22,Pittsburgh Steelers,https://media.api-sports.io/american-football/teams/22.png,Passing,5210,Dustin Vaughan,https://media.api-sports.io/american-football/players/5210.png,yards,50
7,Detroit Lions,https://media.api-sports.io/american-football/teams/7.png,Kick_returns,1930,Dwayne Washington,https://media.api-sports.io/american-football/players/1930.png,total,1
22,Pittsburgh Steelers,https://media.api-sports.io/american-football/teams/22.png,Defensive,5862,Paul Lang,https://media.api-sports.io/american-football/players/5862.png,passes defended,0
7,Detroit Lions,https://media.api-sports.io/american-football/teams/7.png,Defensive,3508,Tahir Whitehead,https://media.api-sports.io/american-football/players/3508.png,passes defended,1
7,Detroit Lions,https://media.api-sports.io/american-football/teams/7.png,Receiving,5866,Adam Fuehne,https://media.api-sports.io/american-football/players/5866.png,targets,
22,Pittsburgh Steelers,https://media.api-sports.io/american-football/teams/22.png,Receiving,5863,Issac Blakeney,https://media.api-sports.io/american-football/players/5863.png,targets,
7,Detroit Lions,https://media.api-sports.io/american-football/teams/7.png,Rushing,1930,Dwayne Washington,https://media.api-sports.io/american-football/players/1930.png,yards,12
22,Pittsburgh Steelers,https://media.api-sports.io/american-football/teams/22.png,Rushing,5850,Brandon Brown-Dukes,https://media.api-sports.io/american-football/players/5850.png,yards,2
7,Detroit Lions,https://media.api-sports.io/american-football/teams/7.png,Passing,5428,Dan Orlovsky,https://media.api-sports.io/american-football/players/5428.png,yards,164
22,Pittsburgh Steelers,https://media.api-sports.io/american-football/teams/22.png,Passing,4515,Landry Jones,https://media.api-sports.io/american-football/players/4515.png,yards,55
22,Pittsburgh Steelers,https://media.api-sports.io/american-football/teams/22.png,Defensive,5895,Ray Vinopal,https://media.api-sports.io/american-football/players/5895.png,passes defended,0
7,Detroit Lions,https://media.api-sports.io/american-football/teams/7.png,Defensive,2276,A'Shawn Robinson,https://media.api-sports.io/american-football/players/2276.png,passes defended,0
7,Detroit Lions,https://media.api-sports.io/american-football/teams/7.png,Receiving,4530,Stevan Ridley,https://media.api-sports.io/american-football/players/4530.png,targets,
22,Pittsburgh Steelers,https://media.api-sports.io/american-football/teams/22.png,Receiving,5636,David Johnson,https://media.api-sports.io/american-football/players/5636.png,targets,
7,Detroit Lions,https://media.api-sports.io/american-football/teams/7.png,Rushing,4530,Stevan Ridley,https://media.api-sports.io/american-football/players/4530.png,yards,14
22,Pittsburgh Steelers,https://media.api-sports.io/american-football/teams/22.png,Rushing,4276,Eli Rogers,https://media.api-sports.io/american-football/players/4276.png,yards,5
22,Pittsburgh Steelers,https://media.api-sports.io/american-football/teams/22.png,Defensive,4503,Fitzgerald Toussaint,https://media.api-sports.io/american-football/players/4503.png,passes defended,0
7,Detroit Lions,https://media.api-sports.io/american-football/teams/7.png,Defensive,3234,Tavon Wilson,https://media.api-sports.io/american-football/players/3234.png,passes defended,0
7,Detroit Lions,https://media.api-sports.io/american-football/teams/7.png,Receiving,3827,Cole Wick,https://media.api-sports.io/american-football/players/3827.png,targets,
22,Pittsburgh Steelers,https://media.api-sports.io/american-football/teams/22.png,Receiving,628,Jesse James,https://media.api-sports.io/american-football/players/628.png,targets,
7,Detroit Lions,https://media.api-sports.io/american-football/teams/7.png,Rushing,3610,Theo Riddick,https://media.api-sports.io/american-football/players/3610.png,yards,15
22,Pittsburgh Steelers,https://media.api-sports.io/american-football/teams/22.png,Rushing,4503,Fitzgerald Toussaint,https://media.api-sports.io/american-football/players/4503.png,yards,8
22,Pittsburgh Steelers,https://media.api-sports.io/american-football/teams/22.png,Defensive,3581,Jordan Dangerfield,https://media.api-sports.io/american-football/players/3581.png,passes defended,0
7,Detroit Lions,https://media.api-sports.io/american-football/teams/7.png,Defensive,5903,Crezdon Butler,https://media.api-sports.io/american-football/players/5903.png,passes defended,0
7,Detroit Lions,https://media.api-sports.io/american-football/teams/7.png,Receiving,5865,Quinshad Davis,https://media.api-sports.io/american-football/players/5865.png,targets,
22,Pittsburgh Steelers,https://media.api-sports.io/american-football/teams/22.png,Receiving,4500,Demarcus Ayers,https://media.api-sports.io/american-football/players/4500.png,targets,
7,Detroit Lions,https://media.api-sports.io/american-football/teams/7.png,Rushing,3738,Jake Rudock,https://media.api-sports.io/american-football/players/3738.png,yards,20
22,Pittsburgh Steelers,https://media.api-sports.io/american-football/teams/22.png,Rushing,5844,Bruce Gradkowski,https://media.api-sports.io/american-football/players/5844.png,yards,11
22,Pittsburgh Steelers,https://media.api-sports.io/american-football/teams/22.png,Defensive,4576,Marcus Tucker,https://media.api-sports.io/american-football/players/4576.png,passes defended,0
7,Detroit Lions,https://media.api-sports.io/american-football/teams/7.png,Defensive,1695,Quandre Diggs,https://media.api-sports.io/american-football/players/1695.png,passes defended,0
7,Detroit Lions,https://media.api-sports.io/american-football/teams/7.png,Receiving,3803,Orson Charles,https://media.api-sports.io/american-football/players/3803.png,targets,
22,Pittsburgh Steelers,https://media.api-sports.io/american-football/teams/22.png,Receiving,4276,Eli Rogers,https://media.api-sports.io/american-football/players/4276.png,targets,
7,Detroit Lions,https://media.api-sports.io/american-football/teams/7.png,Rushing,3759,Zach Zenner,https://media.api-sports.io/american-football/players/3759.png,yards,24
22,Pittsburgh Steelers,https://media.api-sports.io/american-football/teams/22.png,Rushing,4500,Demarcus Ayers,https://media.api-sports.io/american-football/players/4500.png,yards,14
22,Pittsburgh Steelers,https://media.api-sports.io/american-football/teams/22.png,Defensive,873,Javon Hargrave,https://media.api-sports.io/american-football/players/873.png,passes defended,0
7,Detroit Lions,https://media.api-sports.io/american-football/teams/7.png,Defensive,3398,Gabe Wright,https://media.api-sports.io/american-football/players/3398.png,passes defended,0
7,Detroit Lions,https://media.api-sports.io/american-football/teams/7.png,Receiving,1930,Dwayne Washington,https://media.api-sports.io/american-football/players/1930.png,targets,
22,Pittsburgh Steelers,https://media.api-sports.io/american-football/teams/22.png,Receiving,5862,Paul Lang,https://media.api-sports.io/american-football/players/5862.png,targets,
22,Pittsburgh Steelers,https://media.api-sports.io/american-football/teams/22.png,Rushing,5718,Daryl Richardson,https://media.api-sports.io/american-football/players/5718.png,yards,44
22,Pittsburgh Steelers,https://media.api-sports.io/american-football/teams/22.png,Defensive,3602,Anthony Chickillo,https://media.api-sports.io/american-football/players/3602.png,passes defended,0
7,Detroit Lions,https://media.api-sports.io/american-football/teams/7.png,Defensive,5902,Keith Lewis,https://media.api-sports.io/american-football/players/5902.png,passes defended,0
7,Detroit Lions,https://media.api-sports.io/american-football/teams/7.png,Receiving,81,Marvin Jones Jr.,https://media.api-sports.io/american-football/players/81.png,targets,
22,Pittsburgh Steelers,https://media.api-sports.io/american-football/teams/22.png,Receiving,5718,Daryl Richardson,https://media.api-sports.io/american-football/players/5718.png,targets,
22,Pittsburgh Steelers,https://media.api-sports.io/american-football/teams/22.png,Defensive,3881,L.T. Walton,https://media.api-sports.io/american-football/players/3881.png,passes defended,0
7,Detroit Lions,https://media.api-sports.io/american-football/teams/7.png,Defensive,3357,Nevin Lawson,https://media.api-sports.io/american-football/players/3357.png,passes defended,0
7,Detroit Lions,https://media.api-sports.io/american-football/teams/7.png,Receiving,5512,George Winn,https://media.api-sports.io/american-football/players/5512.png,targets,
22,Pittsburgh Steelers,https://media.api-sports.io/american-football/teams/22.png,Receiving,4510,Sammie Coates Jr.,https://media.api-sports.io/american-football/players/4510.png,targets,
22,Pittsburgh Steelers,https://media.api-sports.io/american-football/teams/22.png,Defensive,4870,Arthur Moats,https://media.api-sports.io/american-football/players/4870.png,passes defended,0
7,Detroit Lions,https://media.api-sports.io/american-football/teams/7.png,Defensive,3643,Caraun Reid,https://media.api-sports.io/american-football/players/3643.png,passes defended,0
7,Detroit Lions,https://media.api-sports.io/american-football/teams/7.png,Receiving,5564,Anquan Boldin,https://media.api-sports.io/american-football/players/5564.png,targets,
22,Pittsburgh Steelers,https://media.api-sports.io/american-football/teams/22.png,Receiving,5033,Cobi Hamilton,https://media.api-sports.io/american-football/players/5033.png,targets,
22,Pittsburgh Steelers,https://media.api-sports.io/american-football/teams/22.png,Defensive,5894,Ricardo Mathews,https://media.api-sports.io/american-football/players/5894.png,passes defended,1
7,Detroit Lions,https://media.api-sports.io/american-football/teams/7.png,Defensive,5531,Khyri Thornton,https://media.api-sports.io/american-football/players/5531.png,passes defended,0
7,Detroit Lions,https://media.api-sports.io/american-football/teams/7.png,Receiving,3759,Zach Zenner,https://media.api-sports.io/american-football/players/3759.png,targets,
22,Pittsburgh Steelers,https://media.api-sports.io/american-football/teams/22.png,Receiving,4888,Darrius Heyward-Bey,https://media.api-sports.io/american-football/players/4888.png,targets,
22,Pittsburgh Steelers,https://media.api-sports.io/american-football/teams/22.png,Defensive,5893,Cody Wallace,https://media.api-sports.io/american-football/players/5893.png,passes defended,0
7,Detroit Lions,https://media.api-sports.io/american-football/teams/7.png,Defensive,5901,Travis Swanson,https://media.api-sports.io/american-football/players/5901.png,passes defended,0
7,Detroit Lions,https://media.api-sports.io/american-football/teams/7.png,Receiving,4799,Jace Billingsley,https://media.api-sports.io/american-football/players/4799.png,targets,
22,Pittsburgh Steelers,https://media.api-sports.io/american-football/teams/22.png,Defensive,4993,William Gay,https://media.api-sports.io/american-football/players/4993.png,passes defended,0
7,Detroit Lions,https://media.api-sports.io/american-football/teams/7.png,Defensive,4025,Johnson Bademosi,https://media.api-sports.io/american-football/players/4025.png,passes defended,1
7,Detroit Lions,https://media.api-sports.io/american-football/teams/7.png,Receiving,4551,Jeremy Kerley,https://media.api-sports.io/american-football/players/4551.png,targets,
22,Pittsburgh Steelers,https://media.api-sports.io/american-football/teams/22.png,Defensive,1466,Tyler Matakevich,https://media.api-sports.io/american-football/players/1466.png,passes defended,0
7,Detroit Lions,https://media.api-sports.io/american-football/teams/7.png,Defensive,3918,Anthony Zettel,https://media.api-sports.io/american-football/players/3918.png,passes defended,0
7,Detroit Lions,https://media.api-sports.io/american-football/teams/7.png,Receiving,1354,Andre Roberts,https://media.api-sports.io/american-football/players/1354.png,targets,
22,Pittsburgh Steelers,https://media.api-sports.io/american-football/teams/22.png,Defensive,5644,Johnny Maxey,https://media.api-sports.io/american-football/players/5644.png,passes defended,0
7,Detroit Lions,https://media.api-sports.io/american-football/teams/7.png,Defensive,1015,Kerry Hyder Jr.,https://media.api-sports.io/american-football/players/1015.png,passes defended,0
22,Pittsburgh Steelers,https://media.api-sports.io/american-football/teams/22.png,Defensive,5892,Kevin White,https://media.api-sports.io/american-football/players/5892.png,passes defended,0
7,Detroit Lions,https://media.api-sports.io/american-football/teams/7.png,Defensive,4403,Stefan Charles,https://media.api-sports.io/american-football/players/4403.png,passes defended,0
22,Pittsburgh Steelers,https://media.api-sports.io/american-football/teams/22.png,Defensive,5891,Mike Reilly,https://media.api-sports.io/american-football/players/5891.png,passes defended,0
7,Detroit Lions,https://media.api-sports.io/american-football/teams/7.png,Defensive,5488,Zaviar Gooden,https://media.api-sports.io/american-football/players/5488.png,passes defended,0
22,Pittsburgh Steelers,https://media.api-sports.io/american-football/teams/22.png,Defensive,4277,Xavier Grimble,https://media.api-sports.io/american-football/players/4277.png,passes defended,0
7,Detroit Lions,https://media.api-sports.io/american-football/teams/7.png,Defensive,5389,Devin Taylor,https://media.api-sports.io/american-football/players/5389.png,passes defended,0
22,Pittsburgh Steelers,https://media.api-sports.io/american-football/teams/22.png,Defensive,5674,Ryan Shazier,https://media.api-sports.io/american-football/players/5674.png,passes defended,0
7,Detroit Lions,https://media.api-sports.io/american-football/teams/7.png,Defensive,5756,Don Juan Carey,https://media.api-sports.io/american-football/players/5756.png,passes defended,0
22,Pittsburgh Steelers,https://media.api-sports.io/american-football/teams/22.png,Defensive,5683,James Harrison,https://media.api-sports.io/american-football/players/5683.png,passes defended,0
7,Detroit Lions,https://media.api-sports.io/american-football/teams/7.png,Defensive,5900,Quanterus Smith,https://media.api-sports.io/american-football/players/5900.png,passes defended,0
22,Pittsburgh Steelers,https://media.api-sports.io/american-football/teams/22.png,Defensive,4866,Caushaud Lyons,https://media.api-sports.io/american-football/players/4866.png,passes defended,0
7,Detroit Lions,https://media.api-sports.io/american-football/teams/7.png,Defensive,5708,Rashaad Reynolds,https://media.api-sports.io/american-football/players/5708.png,passes defended,0
22,Pittsburgh Steelers,https://media.api-sports.io/american-football/teams/22.png,Defensive,5401,Jacob Hagen,https://media.api-sports.io/american-football/players/5401.png,passes defended,0
7,Detroit Lions,https://media.api-sports.io/american-football/teams/7.png,Defensive,1628,Miles Killebrew,https://media.api-sports.io/american-football/players/1628.png,passes defended,0
22,Pittsburgh Steelers,https://media.api-sports.io/american-football/teams/22.png,Defensive,5890,Jordan Zumwalt,https://media.api-sports.io/american-football/players/5890.png,passes defended,0
7,Detroit Lions,https://media.api-sports.io/american-football/teams/7.png,Defensive,5899,Chi Chi Ariguzo,https://media.api-sports.io/american-football/players/5899.png,passes defended,0
22,Pittsburgh Steelers,https://media.api-sports.io/american-football/teams/22.png,Defensive,2807,Ross Cockrell,https://media.api-sports.io/american-football/players/2807.png,passes defended,1
7,Detroit Lions,https://media.api-sports.io/american-football/teams/7.png,Defensive,2208,Kyle Van Noy,https://media.api-sports.io/american-football/players/2208.png,passes defended,0
22,Pittsburgh Steelers,https://media.api-sports.io/american-football/teams/22.png,Defensive,4060,Shamarko Thomas,https://media.api-sports.io/american-football/players/4060.png,passes defended,1
7,Detroit Lions,https://media.api-sports.io/american-football/teams/7.png,Defensive,5898,Darrin Walls,https://media.api-sports.io/american-football/players/5898.png,passes defended,0
22,Pittsburgh Steelers,https://media.api-sports.io/american-football/teams/22.png,Defensive,5277,Lawrence Timmons,https://media.api-sports.io/american-football/players/5277.png,passes defended,0
7,Detroit Lions,https://media.api-sports.io/american-football/teams/7.png,Defensive,3889,Isaiah Johnson,https://media.api-sports.io/american-football/players/3889.png,passes defended,0
22,Pittsburgh Steelers,https://media.api-sports.io/american-football/teams/22.png,Defensive,5150,Mike Mitchell,https://media.api-sports.io/american-football/players/5150.png,passes defended,0
7,Detroit Lions,https://media.api-sports.io/american-football/teams/7.png,Defensive,4010,Antwione Williams,https://media.api-sports.io/american-football/players/4010.png,passes defended,0
22,Pittsburgh Steelers,https://media.api-sports.io/american-football/teams/22.png,Defensive,4734,Robert Golden,https://media.api-sports.io/american-football/players/4734.png,passes defended,0
7,Detroit Lions,https://media.api-sports.io/american-football/teams/7.png,Defensive,5897,Khaseem Greene,https://media.api-sports.io/american-football/players/5897.png,passes defended,0
22,Pittsburgh Steelers,https://media.api-sports.io/american-football/teams/22.png,Defensive,5402,Steven Johnson,https://media.api-sports.io/american-football/players/5402.png,passes defended,0
22,Pittsburgh Steelers,https://media.api-sports.io/american-football/teams/22.png,Defensive,3659,Daniel McCullers,https://media.api-sports.io/american-football/players/3659.png,passes defended,0
22,Pittsburgh Steelers,https://media.api-sports.io/american-football/teams/22.png,Defensive,3294,Sean Davis,https://media.api-sports.io/american-football/players/3294.png,passes defended,0
22,Pittsburgh Steelers,https://media.api-sports.io/american-football/teams/22.png,Defensive,3565,Vince Williams,https://media.api-sports.io/american-football/players/3565.png,passes defended,0
22,Pittsburgh Steelers,https://media.api-sports.io/american-football/teams/22.png,Defensive,3188,L.J. Fort,https://media.api-sports.io/american-football/players/3188.png,passes defended,1
22,Pittsburgh Steelers,https://media.api-sports.io/american-football/teams/22.png,Defensive,4639,Doran Grant,https://media.api-sports.io/american-football/players/4639.png,passes defended,1
22,Pittsburgh Steelers,https://media.api-sports.io/american-football/teams/22.png,Kicking,1630,Chris Boswell,https://media.api-sports.io/american-football/players/1630.png,long,37
7,Detroit Lions,https://media.api-sports.io/american-football/teams/7.png,Kicking,5841,Devon Bell,https://media.api-sports.io/american-football/players/5841.png,long,42
22,Pittsburgh Steelers,https://media.api-sports.io/american-football/teams/22.png,Defensive,5896,Montell Garner,https://media.api-sports.io/american-football/players/5896.png,tfl,0
7,Detroit Lions,https://media.api-sports.io/american-football/teams/7.png,Defensive,1930,Dwayne Washington,https://media.api-sports.io/american-football/players/1930.png,tfl,0
7,Detroit Lions,https://media.api-sports.io/american-football/teams/7.png,Rushing,5512,George Winn,https://media.api-sports.io/american-football/players/5512.png,total rushes,4
22,Pittsburgh Steelers,https://media.api-sports.io/american-football/teams/22.png,Rushing,4510,Sammie Coates Jr.,https://media.api-sports.io/american-football/players/4510.png,total rushes,1
7,Detroit Lions,https://media.api-sports.io/american-football/teams/7.png,Passing,2227,Matthew Stafford,https://media.api-sports.io/american-football/players/2227.png,comp att,4/6
22,Pittsburgh Steelers,https://media.api-sports.io/american-football/teams/22.png,Passing,5844,Bruce Gradkowski,https://media.api-sports.io/american-football/players/5844.png,comp att,3/3
7,Detroit Lions,https://media.api-sports.io/american-football/teams/7.png,Kicking,826,Matt Prater,https://media.api-sports.io/american-football/players/826.png,long,31
22,Pittsburgh Steelers,https://media.api-sports.io/american-football/teams/22.png,Defensive,4102,Lavon Hooks,https://media.api-sports.io/american-football/players/4102.png,tfl,0
7,Detroit Lions,https://media.api-sports.io/american-football/teams/7.png,Defensive,825,Charles Washington,https://media.api-sports.io/american-football/players/825.png,tfl,0
7,Detroit Lions,https://media.api-sports.io/american-football/teams/7.png,Rushing,2227,Matthew Stafford,https://media.api-sports.io/american-football/players/2227.png,total rushes,1
22,Pittsburgh Steelers,https://media.api-sports.io/american-football/teams/22.png,Rushing,5851,Cameron Stingily,https://media.api-sports.io/american-football/players/5851.png,total rushes,1
7,Detroit Lions,https://media.api-sports.io/american-football/teams/7.png,Passing,3738,Jake Rudock,https://media.api-sports.io/american-football/players/3738.png,comp att,8/11
22,Pittsburgh Steelers,https://media.api-sports.io/american-football/teams/22.png,Passing,5210,Dustin Vaughan,https://media.api-sports.io/american-football/players/5210.png,comp att,6/11
22,Pittsburgh Steelers,https://media.api-sports.io/american-football/teams/22.png,Defensive,5862,Paul Lang,https://media.api-sports.io/american-football/players/5862.png,tfl,0
7,Detroit Lions,https://media.api-sports.io/american-football/teams/7.png,Defensive,3508,Tahir Whitehead,https://media.api-sports.io/american-football/players/3508.png,tfl,0
7,Detroit Lions,https://media.api-sports.io/american-football/teams/7.png,Rushing,1930,Dwayne Washington,https://media.api-sports.io/american-football/players/1930.png,total rushes,2
22,Pittsburgh Steelers,https://media.api-sports.io/american-football/teams/22.png,Rushing,5850,Brandon Brown-Dukes,https://media.api-sports.io/american-football/players/5850.png,total rushes,1
7,Detroit Lions,https://media.api-sports.io/american-football/teams/7.png,Passing,5428,Dan Orlovsky,https://media.api-sports.io/american-football/players/5428.png,comp att,16/25
22,Pittsburgh Steelers,https://media.api-sports.io/american-football/teams/22.png,Passing,4515,Landry Jones,https://media.api-sports.io/american-football/players/4515.png,comp att,6/12
22,Pittsburgh Steelers,https://media.api-sports.io/american-football/teams/22.png,Defensive,5895,Ray Vinopal,https://media.api-sports.io/american-football/players/5895.png,tfl,0
7,Detroit Lions,https://media.api-sports.io/american-football/teams/7.png,Defensive,2276,A'Shawn Robinson,https://media.api-sports.io/american-football/players/2276.png,tfl,0
7,Detroit Lions,https://media.api-sports.io/american-football/teams/7.png,Rushing,4530,Stevan Ridley,https://media.api-sports.io/american-football/players/4530.png,total rushes,5
22,Pittsburgh Steelers,https://media.api-sports.io/american-football/teams/22.png,Rushing,4276,Eli Rogers,https://media.api-sports.io/american-football/players/4276.png,total rushes,1
22,Pittsburgh Steelers,https://media.api-sports.io/american-football/teams/22.png,Defensive,4503,Fitzgerald Toussaint,https://media.api-sports.io/american-football/players/4503.png,tfl,0
7,Detroit Lions,https://media.api-sports.io/american-football/teams/7.png,Defensive,3234,Tavon Wilson,https://media.api-sports.io/american-football/players/3234.png,tfl,0
7,Detroit Lions,https://media.api-sports.io/american-football/teams/7.png,Rushing,3610,Theo Riddick,https://media.api-sports.io/american-football/players/3610.png,total rushes,4
22,Pittsburgh Steelers,https://media.api-sports.io/american-football/teams/22.png,Rushing,4503,Fitzgerald Toussaint,https://media.api-sports.io/american-football/players/4503.png,total rushes,2
22,Pittsburgh Steelers,https://media.api-sports.io/american-football/teams/22.png,Defensive,3581,Jordan Dangerfield,https://media.api-sports.io/american-football/players/3581.png,tfl,0
7,Detroit Lions,https://media.api-sports.io/american-football/teams/7.png,Defensive,5903,Crezdon Butler,https://media.api-sports.io/american-football/players/5903.png,tfl,0
7,Detroit Lions,https://media.api-sports.io/american-football/teams/7.png,Rushing,3738,Jake Rudock,https://media.api-sports.io/american-football/players/3738.png,total rushes,4
22,Pittsburgh Steelers,https://media.api-sports.io/american-football/teams/22.png,Rushing,5844,Bruce Gradkowski,https://media.api-sports.io/american-football/players/5844.png,total rushes,2
22,Pittsburgh Steelers,https://media.api-sports.io/american-football/teams/22.png,Defensive,4576,Marcus Tucker,https://media.api-sports.io/american-football/players/4576.png,tfl,0
7,Detroit Lions,https://media.api-sports.io/american-football/teams/7.png,Defensive,1695,Quandre Diggs,https://media.api-sports.io/american-football/players/1695.png,tfl,0
7,Detroit Lions,https://media.api-sports.io/american-football/teams/7.png,Rushing,3759,Zach Zenner,https://media.api-sports.io/american-football/players/3759.png,total rushes,7
22,Pittsburgh Steelers,https://media.api-sports.io/american-football/teams/22.png,Rushing,4500,Demarcus Ayers,https://media.api-sports.io/american-football/players/4500.png,total rushes,1
22,Pittsburgh Steelers,https://media.api-sports.io/american-football/teams/22.png,Defensive,873,Javon Hargrave,https://media.api-sports.io/american-football/players/873.png,tfl,0
7,Detroit Lions,https://media.api-sports.io/american-football/teams/7.png,Defensive,3398,Gabe Wright,https://media.api-sports.io/american-football/players/3398.png,tfl,0
22,Pittsburgh Steelers,https://media.api-sports.io/american-football/teams/22.png,Rushing,5718,Daryl Richardson,https://media.api-sports.io/american-football/players/5718.png,total rushes,11
22,Pittsburgh Steelers,https://media.api-sports.io/american-football/teams/22.png,Defensive,3602,Anthony Chickillo,https://media.api-sports.io/american-football/players/3602.png,tfl,0
7,Detroit Lions,https://media.api-sports.io/american-football/teams/7.png,Defensive,5902,Keith Lewis,https://media.api-sports.io/american-football/players/5902.png,tfl,0
22,Pittsburgh Steelers,https://media.api-sports.io/american-football/teams/22.png,Defensive,3881,L.T. Walton,https://media.api-sports.io/american-football/players/3881.png,tfl,0
7,Detroit Lions,https://media.api-sports.io/american-football/teams/7.png,Defensive,3357,Nevin Lawson,https://media.api-sports.io/american-football/players/3357.png,tfl,0
22,Pittsburgh Steelers,https://media.api-sports.io/american-football/teams/22.png,Defensive,4870,Arthur Moats,https://media.api-sports.io/american-football/players/4870.png,tfl,1
7,Detroit Lions,https://media.api-sports.io/american-football/teams/7.png,Defensive,3643,Caraun Reid,https://media.api-sports.io/american-football/players/3643.png,tfl,0
22,Pittsburgh Steelers,https://media.api-sports.io/american-football/teams/22.png,Defensive,5894,Ricardo Mathews,https://media.api-sports.io/american-football/players/5894.png,tfl,0
7,Detroit Lions,https://media.api-sports.io/american-football/teams/7.png,Defensive,5531,Khyri Thornton,https://media.api-sports.io/american-football/players/5531.png,tfl,1
22,Pittsburgh Steelers,https://media.api-sports.io/american-football/teams/22.png,Defensive,5893,Cody Wallace,https://media.api-sports.io/american-football/players/5893.png,tfl,0
7,Detroit Lions,https://media.api-sports.io/american-football/teams/7.png,Defensive,5901,Travis Swanson,https://media.api-sports.io/american-football/players/5901.png,tfl,0
22,Pittsburgh Steelers,https://media.api-sports.io/american-football/teams/22.png,Defensive,4993,William Gay,https://media.api-sports.io/american-football/players/4993.png,tfl,0
7,Detroit Lions,https://media.api-sports.io/american-football/teams/7.png,Defensive,4025,Johnson Bademosi,https://media.api-sports.io/american-football/players/4025.png,tfl,0
22,Pittsburgh Steelers,https://media.api-sports.io/american-football/teams/22.png,Defensive,1466,Tyler Matakevich,https://media.api-sports.io/american-football/players/1466.png,tfl,0
7,Detroit Lions,https://media.api-sports.io/american-football/teams/7.png,Defensive,3918,Anthony Zettel,https://media.api-sports.io/american-football/players/3918.png,tfl,1
22,Pittsburgh Steelers,https://media.api-sports.io/american-football/teams/22.png,Defensive,5644,Johnny Maxey,https://media.api-sports.io/american-football/players/5644.png,tfl,0
7,Detroit Lions,https://media.api-sports.io/american-football/teams/7.png,Defensive,1015,Kerry Hyder Jr.,https://media.api-sports.io/american-football/players/1015.png,tfl,0
22,Pittsburgh Steelers,https://media.api-sports.io/american-football/teams/22.png,Defensive,5892,Kevin White,https://media.api-sports.io/american-football/players/5892.png,tfl,0
7,Detroit Lions,https://media.api-sports.io/american-football/teams/7.png,Defensive,4403,Stefan Charles,https://media.api-sports.io/american-football/players/4403.png,tfl,0
22,Pittsburgh Steelers,https://media.api-sports.io/american-football/teams/22.png,Defensive,5891,Mike Reilly,https://media.api-sports.io/american-football/players/5891.png,tfl,0
7,Detroit Lions,https://media.api-sports.io/american-football/teams/7.png,Defensive,5488,Zaviar Gooden,https://media.api-sports.io/american-football/players/5488.png,tfl,0
22,Pittsburgh Steelers,https://media.api-sports.io/american-football/teams/22.png,Defensive,4277,Xavier Grimble,https://media.api-sports.io/american-football/players/4277.png,tfl,0
7,Detroit Lions,https://media.api-sports.io/american-football/teams/7.png,Defensive,5389,Devin Taylor,https://media.api-sports.io/american-football/players/5389.png,tfl,1
22,Pittsburgh Steelers,https://media.api-sports.io/american-football/teams/22.png,Defensive,5674,Ryan Shazier,https://media.api-sports.io/american-football/players/5674.png,tfl,0
7,Detroit Lions,https://media.api-sports.io/american-football/teams/7.png,Defensive,5756,Don Juan Carey,https://media.api-sports.io/american-football/players/5756.png,tfl,0
22,Pittsburgh Steelers,https://media.api-sports.io/american-football/teams/22.png,Defensive,5683,James Harrison,https://media.api-sports.io/american-football/players/5683.png,tfl,0
7,Detroit Lions,https://media.api-sports.io/american-football/teams/7.png,Defensive,5900,Quanterus Smith,https://media.api-sports.io/american-football/players/5900.png,tfl,1
22,Pittsburgh Steelers,https://media.api-sports.io/american-football/teams/22.png,Defensive,4866,Caushaud Lyons,https://media.api-sports.io/american-football/players/4866.png,tfl,1
7,Detroit Lions,https://media.api-sports.io/american-football/teams/7.png,Defensive,5708,Rashaad Reynolds,https://media.api-sports.io/american-football/players/5708.png,tfl,0
22,Pittsburgh Steelers,https://media.api-sports.io/american-football/teams/22.png,Defensive,5401,Jacob Hagen,https://media.api-sports.io/american-football/players/5401.png,tfl,0
7,Detroit Lions,https://media.api-sports.io/american-football/teams/7.png,Defensive,1628,Miles Killebrew,https://media.api-sports.io/american-football/players/1628.png,tfl,0
22,Pittsburgh Steelers,https://media.api-sports.io/american-football/teams/22.png,Defensive,5890,Jordan Zumwalt,https://media.api-sports.io/american-football/players/5890.png,tfl,0
7,Detroit Lions,https://media.api-sports.io/american-football/teams/7.png,Defensive,5899,Chi Chi Ariguzo,https://media.api-sports.io/american-football/players/5899.png,tfl,0
22,Pittsburgh Steelers,https://media.api-sports.io/american-football/teams/22.png,Defensive,2807,Ross Cockrell,https://media.api-sports.io/american-football/players/2807.png,tfl,0
7,Detroit Lions,https://media.api-sports.io/american-football/teams/7.png,Defensive,2208,Kyle Van Noy,https://media.api-sports.io/american-football/players/2208.png,tfl,0
22,Pittsburgh Steelers,https://media.api-sports.io/american-football/teams/22.png,Defensive,4060,Shamarko Thomas,https://media.api-sports.io/american-football/players/4060.png,tfl,0
7,Detroit Lions,https://media.api-sports.io/american-football/teams/7.png,Defensive,5898,Darrin Walls,https://media.api-sports.io/american-football/players/5898.png,tfl,0
22,Pittsburgh Steelers,https://media.api-sports.io/american-football/teams/22.png,Defensive,5277,Lawrence Timmons,https://media.api-sports.io/american-football/players/5277.png,tfl,0
7,Detroit Lions,https://media.api-sports.io/american-football/teams/7.png,Defensive,3889,Isaiah Johnson,https://media.api-sports.io/american-football/players/3889.png,tfl,0
22,Pittsburgh Steelers,https://media.api-sports.io/american-football/teams/22.png,Defensive,5150,Mike Mitchell,https://media.api-sports.io/american-football/players/5150.png,tfl,0
7,Detroit Lions,https://media.api-sports.io/american-football/teams/7.png,Defensive,4010,Antwione Williams,https://media.api-sports.io/american-football/players/4010.png,tfl,0
22,Pittsburgh Steelers,https://media.api-sports.io/american-football/teams/22.png,Defensive,4734,Robert Golden,https://media.api-sports.io/american-football/players/4734.png,tfl,0
7,Detroit Lions,https://media.api-sports.io/american-football/teams/7.png,Defensive,5897,Khaseem Greene,https://media.api-sports.io/american-football/players/5897.png,tfl,1
22,Pittsburgh Steelers,https://media.api-sports.io/american-football/teams/22.png,Defensive,5402,Steven Johnson,https://media.api-sports.io/american-football/players/5402.png,tfl,0
22,Pittsburgh Steelers,https://media.api-sports.io/american-football/teams/22.png,Defensive,3659,Daniel McCullers,https://media.api-sports.io/american-football/players/3659.png,tfl,0
22,Pittsburgh Steelers,https://media.api-sports.io/american-football/teams/22.png,Defensive,3294,Sean Davis,https://media.api-sports.io/american-football/players/3294.png,tfl,0
22,Pittsburgh Steelers,https://media.api-sports.io/american-football/teams/22.png,Defensive,3565,Vince Williams,https://media.api-sports.io/american-football/players/3565.png,tfl,0
22,Pittsburgh Steelers,https://media.api-sports.io/american-football/teams/22.png,Defensive,3188,L.J. Fort,https://media.api-sports.io/american-football/players/3188.png,tfl,0
22,Pittsburgh Steelers,https://media.api-sports.io/american-football/teams/22.png,Defensive,4639,Doran Grant,https://media.api-sports.io/american-football/players/4639.png,tfl,0
22,Pittsburgh Steelers,https://media.api-sports.io/american-football/teams/22.png,Kicking,1630,Chris Boswell,https://media.api-sports.io/american-football/players/1630.png,pct,100.0
7,Detroit Lions,https://media.api-sports.io/american-football/teams/7.png,Kicking,5841,Devon Bell,https://media.api-sports.io/american-football/players/5841.png,pct,100.0
22,Pittsburgh Steelers,https://media.api-sports.io/american-football/teams/22.png,Defensive,5896,Montell Garner,https://media.api-sports.io/american-football/players/5896.png,sacks,0
7,Detroit Lions,https://media.api-sports.io/american-football/teams/7.png,Defensive,1930,Dwayne Washington,https://media.api-sports.io/american-football/players/1930.png,sacks,0
7,Detroit Lions,https://media.api-sports.io/american-football/teams/7.png,Kicking,826,Matt Prater,https://media.api-sports.io/american-football/players/826.png,pct,100.0
22,Pittsburgh Steelers,https://media.api-sports.io/american-football/teams/22.png,Defensive,4102,Lavon Hooks,https://media.api-sports.io/american-football/players/4102.png,sacks,0
7,Detroit Lions,https://media.api-sports.io/american-football/teams/7.png,Defensive,825,Charles Washington,https://media.api-sports.io/american-football/players/825.png,sacks,0
22,Pittsburgh Steelers,https://media.api-sports.io/american-football/teams/22.png,Defensive,5862,Paul Lang,https://media.api-sports.io/american-football/players/5862.png,sacks,0
7,Detroit Lions,https://media.api-sports.io/american-football/teams/7.png,Defensive,3508,Tahir Whitehead,https://media.api-sports.io/american-football/players/3508.png,sacks,0
22,Pittsburgh Steelers,https://media.api-sports.io/american-football/teams/22.png,Defensive,5895,Ray Vinopal,https://media.api-sports.io/american-football/players/5895.png,sacks,0
7,Detroit Lions,https://media.api-sports.io/american-football/teams/7.png,Defensive,2276,A'Shawn Robinson,https://media.api-sports.io/american-football/players/2276.png,sacks,0
22,Pittsburgh Steelers,https://media.api-sports.io/american-football/teams/22.png,Defensive,4503,Fitzgerald Toussaint,https://media.api-sports.io/american-football/players/4503.png,sacks,0
7,Detroit Lions,https://media.api-sports.io/american-football/teams/7.png,Defensive,3234,Tavon Wilson,https://media.api-sports.io/american-football/players/3234.png,sacks,0
22,Pittsburgh Steelers,https://media.api-sports.io/american-football/teams/22.png,Defensive,3581,Jordan Dangerfield,https://media.api-sports.io/american-football/players/3581.png,sacks,0
7,Detroit Lions,https://media.api-sports.io/american-football/teams/7.png,Defensive,5903,Crezdon Butler,https://media.api-sports.io/american-football/players/5903.png,sacks,0
22,Pittsburgh Steelers,https://media.api-sports.io/american-football/teams/22.png,Defensive,4576,Marcus Tucker,https://media.api-sports.io/american-football/players/4576.png,sacks,0
7,Detroit Lions,https://media.api-sports.io/american-football/teams/7.png,Defensive,1695,Quandre Diggs,https://media.api-sports.io/american-football/players/1695.png,sacks,0
22,Pittsburgh Steelers,https://media.api-sports.io/american-football/teams/22.png,Defensive,873,Javon Hargrave,https://media.api-sports.io/american-football/players/873.png,sacks,0
7,Detroit Lions,https://media.api-sports.io/american-football/teams/7.png,Defensive,3398,Gabe Wright,https://media.api-sports.io/american-football/players/3398.png,sacks,0
22,Pittsburgh Steelers,https://media.api-sports.io/american-football/teams/22.png,Defensive,3602,Anthony Chickillo,https://media.api-sports.io/american-football/players/3602.png,sacks,0
7,Detroit Lions,https://media.api-sports.io/american-football/teams/7.png,Defensive,5902,Keith Lewis,https://media.api-sports.io/american-football/players/5902.png,sacks,0
22,Pittsburgh Steelers,https://media.api-sports.io/american-football/teams/22.png,Defensive,3881,L.T. Walton,https://media.api-sports.io/american-football/players/3881.png,sacks,0
7,Detroit Lions,https://media.api-sports.io/american-football/teams/7.png,Defensive,3357,Nevin Lawson,https://media.api-sports.io/american-football/players/3357.png,sacks,0
22,Pittsburgh Steelers,https://media.api-sports.io/american-football/teams/22.png,Defensive,4870,Arthur Moats,https://media.api-sports.io/american-football/players/4870.png,sacks,0
7,Detroit Lions,https://media.api-sports.io/american-football/teams/7.png,Defensive,3643,Caraun Reid,https://media.api-sports.io/american-football/players/3643.png,sacks,0
22,Pittsburgh Steelers,https://media.api-sports.io/american-football/teams/22.png,Defensive,5894,Ricardo Mathews,https://media.api-sports.io/american-football/players/5894.png,sacks,0
7,Detroit Lions,https://media.api-sports.io/american-football/teams/7.png,Defensive,5531,Khyri Thornton,https://media.api-sports.io/american-football/players/5531.png,sacks,0
22,Pittsburgh Steelers,https://media.api-sports.io/american-football/teams/22.png,Defensive,5893,Cody Wallace,https://media.api-sports.io/american-football/players/5893.png,sacks,0
7,Detroit Lions,https://media.api-sports.io/american-football/teams/7.png,Defensive,5901,Travis Swanson,https://media.api-sports.io/american-football/players/5901.png,sacks,0
22,Pittsburgh Steelers,https://media.api-sports.io/american-football/teams/22.png,Defensive,4993,William Gay,https://media.api-sports.io/american-football/players/4993.png,sacks,0
7,Detroit Lions,https://media.api-sports.io/american-football/teams/7.png,Defensive,4025,Johnson Bademosi,https://media.api-sports.io/american-football/players/4025.png,sacks,0
22,Pittsburgh Steelers,https://media.api-sports.io/american-football/teams/22.png,Defensive,1466,Tyler Matakevich,https://media.api-sports.io/american-football/players/1466.png,sacks,0
7,Detroit Lions,https://media.api-sports.io/american-football/teams/7.png,Defensive,3918,Anthony Zettel,https://media.api-sports.io/american-football/players/3918.png,sacks,1
22,Pittsburgh Steelers,https://media.api-sports.io/american-football/teams/22.png,Defensive,5644,Johnny Maxey,https://media.api-sports.io/american-football/players/5644.png,sacks,0
7,Detroit Lions,https://media.api-sports.io/american-football/teams/7.png,Defensive,1015,Kerry Hyder Jr.,https://media.api-sports.io/american-football/players/1015.png,sacks,0
22,Pittsburgh Steelers,https://media.api-sports.io/american-football/teams/22.png,Defensive,5892,Kevin White,https://media.api-sports.io/american-football/players/5892.png,sacks,0
7,Detroit Lions,https://media.api-sports.io/american-football/teams/7.png,Defensive,4403,Stefan Charles,https://media.api-sports.io/american-football/players/4403.png,sacks,0
22,Pittsburgh Steelers,https://media.api-sports.io/american-football/teams/22.png,Defensive,5891,Mike Reilly,https://media.api-sports.io/american-football/players/5891.png,sacks,0
7,Detroit Lions,https://media.api-sports.io/american-football/teams/7.png,Defensive,5488,Zaviar Gooden,https://media.api-sports.io/american-football/players/5488.png,sacks,0
22,Pittsburgh Steelers,https://media.api-sports.io/american-football/teams/22.png,Defensive,4277,Xavier Grimble,https://media.api-sports.io/american-football/players/4277.png,sacks,0
7,Detroit Lions,https://media.api-sports.io/american-football/teams/7.png,Defensive,5389,Devin Taylor,https://media.api-sports.io/american-football/players/5389.png,sacks,1
22,Pittsburgh Steelers,https://media.api-sports.io/american-football/teams/22.png,Defensive,5674,Ryan Shazier,https://media.api-sports.io/american-football/players/5674.png,sacks,0
7,Detroit Lions,https://media.api-sports.io/american-football/teams/7.png,Defensive,5756,Don Juan Carey,https://media.api-sports.io/american-football/players/5756.png,sacks,0
22,Pittsburgh Steelers,https://media.api-sports.io/american-football/teams/22.png,Defensive,5683,James Harrison,https://media.api-sports.io/american-football/players/5683.png,sacks,1
7,Detroit Lions,https://media.api-sports.io/american-football/teams/7.png,Defensive,5900,Quanterus Smith,https://media.api-sports.io/american-football/players/5900.png,sacks,1
22,Pittsburgh Steelers,https://media.api-sports.io/american-football/teams/22.png,Defensive,4866,Caushaud Lyons,https://media.api-sports.io/american-football/players/4866.png,sacks,0
7,Detroit Lions,https://media.api-sports.io/american-football/teams/7.png,Defensive,5708,Rashaad Reynolds,https://media.api-sports.io/american-football/players/5708.png,sacks,0
22,Pittsburgh Steelers,https://media.api-sports.io/american-football/teams/22.png,Defensive,5401,Jacob Hagen,https://media.api-sports.io/american-football/players/5401.png,sacks,0
7,Detroit Lions,https://media.api-sports.io/american-football/teams/7.png,Defensive,1628,Miles Killebrew,https://media.api-sports.io/american-football/players/1628.png,sacks,0
22,Pittsburgh Steelers,https://media.api-sports.io/american-football/teams/22.png,Defensive,5890,Jordan Zumwalt,https://media.api-sports.io/american-football/players/5890.png,sacks,0
7,Detroit Lions,https://media.api-sports.io/american-football/teams/7.png,Defensive,5899,Chi Chi Ariguzo,https://media.api-sports.io/american-football/players/5899.png,sacks,0
22,Pittsburgh Steelers,https://media.api-sports.io/american-football/teams/22.png,Defensive,2807,Ross Cockrell,https://media.api-sports.io/american-football/players/2807.png,sacks,0
7,Detroit Lions,https://media.api-sports.io/american-football/teams/7.png,Defensive,2208,Kyle Van Noy,https://media.api-sports.io/american-football/players/2208.png,sacks,0
22,Pittsburgh Steelers,https://media.api-sports.io/american-football/teams/22.png,Defensive,4060,Shamarko Thomas,https://media.api-sports.io/american-football/players/4060.png,sacks,0
7,Detroit Lions,https://media.api-sports.io/american-football/teams/7.png,Defensive,5898,Darrin Walls,https://media.api-sports.io/american-football/players/5898.png,sacks,0
22,Pittsburgh Steelers,https://media.api-sports.io/american-football/teams/22.png,Defensive,5277,Lawrence Timmons,https://media.api-sports.io/american-football/players/5277.png,sacks,0
7,Detroit Lions,https://media.api-sports.io/american-football/teams/7.png,Defensive,3889,Isaiah Johnson,https://media.api-sports.io/american-football/players/3889.png,sacks,0
22,Pittsburgh Steelers,https://media.api-sports.io/american-football/teams/22.png,Defensive,5150,Mike Mitchell,https://media.api-sports.io/american-football/players/5150.png,sacks,0
7,Detroit Lions,https://media.api-sports.io/american-football/teams/7.png,Defensive,4010,Antwione Williams,https://media.api-sports.io/american-football/players/4010.png,sacks,0
22,Pittsburgh Steelers,https://media.api-sports.io/american-football/teams/22.png,Defensive,4734,Robert Golden,https://media.api-sports.io/american-football/players/4734.png,sacks,0
7,Detroit Lions,https://media.api-sports.io/american-football/teams/7.png,Defensive,5897,Khaseem Greene,https://media.api-sports.io/american-football/players/5897.png,sacks,1
22,Pittsburgh Steelers,https://media.api-sports.io/american-football/teams/22.png,Defensive,5402,Steven Johnson,https://media.api-sports.io/american-football/players/5402.png,sacks,0
22,Pittsburgh Steelers,https://media.api-sports.io/american-football/teams/22.png,Defensive,3659,Daniel McCullers,https://media.api-sports.io/american-football/players/3659.png,sacks,0
22,Pittsburgh Steelers,https://media.api-sports.io/american-football/teams/22.png,Defensive,3294,Sean Davis,https://media.api-sports.io/american-football/players/3294.png,sacks,0
22,Pittsburgh Steelers,https://media.api-sports.io/american-football/teams/22.png,Defensive,3565,Vince Williams,https://media.api-sports.io/american-football/players/3565.png,sacks,0
22,Pittsburgh Steelers,https://media.api-sports.io/american-football/teams/22.png,Defensive,3188,L.J. Fort,https://media.api-sports.io/american-football/players/3188.png,sacks,0
22,Pittsburgh Steelers,https://media.api-sports.io/american-football/teams/22.png,Defensive,4639,Doran Grant,https://media.api-sports.io/american-football/players/4639.png,sacks,0
22,Pittsburgh Steelers,https://media.api-sports.io/american-football/teams/22.png,Kicking,1630,Chris Boswell,https://media.api-sports.io/american-football/players/1630.png,field goals,1/1
7,Detroit Lions,https://media.api-sports.io/american-football/teams/7.png,Kicking,5841,Devon Bell,https://media.api-sports.io/american-football/players/5841.png,field goals,1/1
22,Pittsburgh Steelers,https://media.api-sports.io/american-football/teams/22.png,Defensive,5896,Montell Garner,https://media.api-sports.io/american-football/players/5896.png,unassisted tackles,0
7,Detroit Lions,https://media.api-sports.io/american-football/teams/7.png,Defensive,1930,Dwayne Washington,https://media.api-sports.io/american-football/players/1930.png,unassisted tackles,0
7,Detroit Lions,https://media.api-sports.io/american-football/teams/7.png,Kicking,826,Matt Prater,https://media.api-sports.io/american-football/players/826.png,field goals,2/2
22,Pittsburgh Steelers,https://media.api-sports.io/american-football/teams/22.png,Defensive,4102,Lavon Hooks,https://media.api-sports.io/american-football/players/4102.png,unassisted tackles,0
7,Detroit Lions,https://media.api-sports.io/american-football/teams/7.png,Defensive,825,Charles Washington,https://media.api-sports.io/american-football/players/825.png,unassisted tackles,0
22,Pittsburgh Steelers,https://media.api-sports.io/american-football/teams/22.png,Defensive,5862,Paul Lang,https://media.api-sports.io/american-football/players/5862.png,unassisted tackles,0
7,Detroit Lions,https://media.api-sports.io/american-football/teams/7.png,Defensive,3508,Tahir Whitehead,https://media.api-sports.io/american-football/players/3508.png,unassisted tackles,0
22,Pittsburgh Steelers,https://media.api-sports.io/american-football/teams/22.png,Defensive,5895,Ray Vinopal,https://media.api-sports.io/american-football/players/5895.png,unassisted tackles,0
7,Detroit Lions,https://media.api-sports.io/american-football/teams/7.png,Defensive,2276,A'Shawn Robinson,https://media.api-sports.io/american-football/players/2276.png,unassisted tackles,0
22,Pittsburgh Steelers,https://media.api-sports.io/american-football/teams/22.png,Defensive,4503,Fitzgerald Toussaint,https://media.api-sports.io/american-football/players/4503.png,unassisted tackles,0
7,Detroit Lions,https://media.api-sports.io/american-football/teams/7.png,Defensive,3234,Tavon Wilson,https://media.api-sports.io/american-football/players/3234.png,unassisted tackles,0
22,Pittsburgh Steelers,https://media.api-sports.io/american-football/teams/22.png,Defensive,3581,Jordan Dangerfield,https://media.api-sports.io/american-football/players/3581.png,unassisted tackles,0
7,Detroit Lions,https://media.api-sports.io/american-football/teams/7.png,Defensive,5903,Crezdon Butler,https://media.api-sports.io/american-football/players/5903.png,unassisted tackles,0
22,Pittsburgh Steelers,https://media.api-sports.io/american-football/teams/22.png,Defensive,4576,Marcus Tucker,https://media.api-sports.io/american-football/players/4576.png,unassisted tackles,1
7,Detroit Lions,https://media.api-sports.io/american-football/teams/7.png,Defensive,1695,Quandre Diggs,https://media.api-sports.io/american-football/players/1695.png,unassisted tackles,1
22,Pittsburgh Steelers,https://media.api-sports.io/american-football/teams/22.png,Defensive,873,Javon Hargrave,https://media.api-sports.io/american-football/players/873.png,unassisted tackles,1
7,Detroit Lions,https://media.api-sports.io/american-football/teams/7.png,Defensive,3398,Gabe Wright,https://media.api-sports.io/american-football/players/3398.png,unassisted tackles,1
22,Pittsburgh Steelers,https://media.api-sports.io/american-football/teams/22.png,Defensive,3602,Anthony Chickillo,https://media.api-sports.io/american-football/players/3602.png,unassisted tackles,1
7,Detroit Lions,https://media.api-sports.io/american-football/teams/7.png,Defensive,5902,Keith Lewis,https://media.api-sports.io/american-football/players/5902.png,unassisted tackles,1
22,Pittsburgh Steelers,https://media.api-sports.io/american-football/teams/22.png,Defensive,3881,L.T. Walton,https://media.api-sports.io/american-football/players/3881.png,unassisted tackles,1
7,Detroit Lions,https://media.api-sports.io/american-football/teams/7.png,Defensive,3357,Nevin Lawson,https://media.api-sports.io/american-football/players/3357.png,unassisted tackles,1
22,Pittsburgh Steelers,https://media.api-sports.io/american-football/teams/22.png,Defensive,4870,Arthur Moats,https://media.api-sports.io/american-football/players/4870.png,unassisted tackles,1
7,Detroit Lions,https://media.api-sports.io/american-football/teams/7.png,Defensive,3643,Caraun Reid,https://media.api-sports.io/american-football/players/3643.png,unassisted tackles,1
22,Pittsburgh Steelers,https://media.api-sports.io/american-football/teams/22.png,Defensive,5894,Ricardo Mathews,https://media.api-sports.io/american-football/players/5894.png,unassisted tackles,1
7,Detroit Lions,https://media.api-sports.io/american-football/teams/7.png,Defensive,5531,Khyri Thornton,https://media.api-sports.io/american-football/players/5531.png,unassisted tackles,1
22,Pittsburgh Steelers,https://media.api-sports.io/american-football/teams/22.png,Defensive,5893,Cody Wallace,https://media.api-sports.io/american-football/players/5893.png,unassisted tackles,1
7,Detroit Lions,https://media.api-sports.io/american-football/teams/7.png,Defensive,5901,Travis Swanson,https://media.api-sports.io/american-football/players/5901.png,unassisted tackles,1
22,Pittsburgh Steelers,https://media.api-sports.io/american-football/teams/22.png,Defensive,4993,William Gay,https://media.api-sports.io/american-football/players/4993.png,unassisted tackles,1
7,Detroit Lions,https://media.api-sports.io/american-football/teams/7.png,Defensive,4025,Johnson Bademosi,https://media.api-sports.io/american-football/players/4025.png,unassisted tackles,1
22,Pittsburgh Steelers,https://media.api-sports.io/american-football/teams/22.png,Defensive,1466,Tyler Matakevich,https://media.api-sports.io/american-football/players/1466.png,unassisted tackles,1
7,Detroit Lions,https://media.api-sports.io/american-football/teams/7.png,Defensive,3918,Anthony Zettel,https://media.api-sports.io/american-football/players/3918.png,unassisted tackles,1
22,Pittsburgh Steelers,https://media.api-sports.io/american-football/teams/22.png,Defensive,5644,Johnny Maxey,https://media.api-sports.io/american-football/players/5644.png,unassisted tackles,1
7,Detroit Lions,https://media.api-sports.io/american-football/teams/7.png,Defensive,1015,Kerry Hyder Jr.,https://media.api-sports.io/american-football/players/1015.png,unassisted tackles,1
22,Pittsburgh Steelers,https://media.api-sports.io/american-football/teams/22.png,Defensive,5892,Kevin White,https://media.api-sports.io/american-football/players/5892.png,unassisted tackles,1
7,Detroit Lions,https://media.api-sports.io/american-football/teams/7.png,Defensive,4403,Stefan Charles,https://media.api-sports.io/american-football/players/4403.png,unassisted tackles,1
22,Pittsburgh Steelers,https://media.api-sports.io/american-football/teams/22.png,Defensive,5891,Mike Reilly,https://media.api-sports.io/american-football/players/5891.png,unassisted tackles,1
7,Detroit Lions,https://media.api-sports.io/american-football/teams/7.png,Defensive,5488,Zaviar Gooden,https://media.api-sports.io/american-football/players/5488.png,unassisted tackles,1
22,Pittsburgh Steelers,https://media.api-sports.io/american-football/teams/22.png,Defensive,4277,Xavier Grimble,https://media.api-sports.io/american-football/players/4277.png,unassisted tackles,1
7,Detroit Lions,https://media.api-sports.io/american-football/teams/7.png,Defensive,5389,Devin Taylor,https://media.api-sports.io/american-football/players/5389.png,unassisted tackles,1
22,Pittsburgh Steelers,https://media.api-sports.io/american-football/teams/22.png,Defensive,5674,Ryan Shazier,https://media.api-sports.io/american-football/players/5674.png,unassisted tackles,1
7,Detroit Lions,https://media.api-sports.io/american-football/teams/7.png,Defensive,5756,Don Juan Carey,https://media.api-sports.io/american-football/players/5756.png,unassisted tackles,2
22,Pittsburgh Steelers,https://media.api-sports.io/american-football/teams/22.png,Defensive,5683,James Harrison,https://media.api-sports.io/american-football/players/5683.png,unassisted tackles,1
7,Detroit Lions,https://media.api-sports.io/american-football/teams/7.png,Defensive,5900,Quanterus Smith,https://media.api-sports.io/american-football/players/5900.png,unassisted tackles,2
22,Pittsburgh Steelers,https://media.api-sports.io/american-football/teams/22.png,Defensive,4866,Caushaud Lyons,https://media.api-sports.io/american-football/players/4866.png,unassisted tackles,2
7,Detroit Lions,https://media.api-sports.io/american-football/teams/7.png,Defensive,5708,Rashaad Reynolds,https://media.api-sports.io/american-football/players/5708.png,unassisted tackles,2
22,Pittsburgh Steelers,https://media.api-sports.io/american-football/teams/22.png,Defensive,5401,Jacob Hagen,https://media.api-sports.io/american-football/players/5401.png,unassisted tackles,2
7,Detroit Lions,https://media.api-sports.io/american-football/teams/7.png,Defensive,1628,Miles Killebrew,https://media.api-sports.io/american-football/players/1628.png,unassisted tackles,3
22,Pittsburgh Steelers,https://media.api-sports.io/american-football/teams/22.png,Defensive,5890,Jordan Zumwalt,https://media.api-sports.io/american-football/players/5890.png,unassisted tackles,2
7,Detroit Lions,https://media.api-sports.io/american-football/teams/7.png,Defensive,5899,Chi Chi Ariguzo,https://media.api-sports.io/american-football/players/5899.png,unassisted tackles,3
22,Pittsburgh Steelers,https://media.api-sports.io/american-football/teams/22.png,Defensive,2807,Ross Cockrell,https://media.api-sports.io/american-football/players/2807.png,unassisted tackles,2
7,Detroit Lions,https://media.api-sports.io/american-football/teams/7.png,Defensive,2208,Kyle Van Noy,https://media.api-sports.io/american-football/players/2208.png,unassisted tackles,3
22,Pittsburgh Steelers,https://media.api-sports.io/american-football/teams/22.png,Defensive,4060,Shamarko Thomas,https://media.api-sports.io/american-football/players/4060.png,unassisted tackles,2
7,Detroit Lions,https://media.api-sports.io/american-football/teams/7.png,Defensive,5898,Darrin Walls,https://media.api-sports.io/american-football/players/5898.png,unassisted tackles,3
22,Pittsburgh Steelers,https://media.api-sports.io/american-football/teams/22.png,Defensive,5277,Lawrence Timmons,https://media.api-sports.io/american-football/players/5277.png,unassisted tackles,2
7,Detroit Lions,https://media.api-sports.io/american-football/teams/7.png,Defensive,3889,Isaiah Johnson,https://media.api-sports.io/american-football/players/3889.png,unassisted tackles,2
22,Pittsburgh Steelers,https://media.api-sports.io/american-football/teams/22.png,Defensive,5150,Mike Mitchell,https://media.api-sports.io/american-football/players/5150.png,unassisted tackles,2
7,Detroit Lions,https://media.api-sports.io/american-football/teams/7.png,Defensive,4010,Antwione Williams,https://media.api-sports.io/american-football/players/4010.png,unassisted tackles,3
22,Pittsburgh Steelers,https://media.api-sports.io/american-football/teams/22.png,Defensive,4734,Robert Golden,https://media.api-sports.io/american-football/players/4734.png,unassisted tackles,3
7,Detroit Lions,https://media.api-sports.io/american-football/teams/7.png,Defensive,5897,Khaseem Greene,https://media.api-sports.io/american-football/players/5897.png,unassisted tackles,4
22,Pittsburgh Steelers,https://media.api-sports.io/american-football/teams/22.png,Defensive,5402,Steven Johnson,https://media.api-sports.io/american-football/players/5402.png,unassisted tackles,1
22,Pittsburgh Steelers,https://media.api-sports.io/american-football/teams/22.png,Defensive,3659,Daniel McCullers,https://media.api-sports.io/american-football/players/3659.png,unassisted tackles,2
22,Pittsburgh Steelers,https://media.api-sports.io/american-football/teams/22.png,Defensive,3294,Sean Davis,https://media.api-sports.io/american-football/players/3294.png,unassisted tackles,4
22,Pittsburgh Steelers,https://media.api-sports.io/american-football/teams/22.png,Defensive,3565,Vince Williams,https://media.api-sports.io/american-football/players/3565.png,unassisted tackles,4
22,Pittsburgh Steelers,https://media.api-sports.io/american-football/teams/22.png,Defensive,3188,L.J. Fort,https://media.api-sports.io/american-football/players/3188.png,unassisted tackles,5
22,Pittsburgh Steelers,https://media.api-sports.io/american-football/teams/22.png,Defensive,4639,Doran Grant,https://media.api-sports.io/american-football/players/4639.png,unassisted tackles,7
22,Pittsburgh Steelers,https://media.api-sports.io/american-football/teams/22.png,Defensive,5896,Montell Garner,https://media.api-sports.io/american-football/players/5896.png,tackles,1
7,Detroit Lions,https://media.api-sports.io/american-football/teams/7.png,Defensive,1930,Dwayne Washington,https://media.api-sports.io/american-football/players/1930.png,tackles,0
22,Pittsburgh Steelers,https://media.api-sports.io/american-football/teams/22.png,Defensive,4102,Lavon Hooks,https://media.api-sports.io/american-football/players/4102.png,tackles,1
7,Detroit Lions,https://media.api-sports.io/american-football/teams/7.png,Defensive,825,Charles Washington,https://media.api-sports.io/american-football/players/825.png,tackles,0
22,Pittsburgh Steelers,https://media.api-sports.io/american-football/teams/22.png,Defensive,5862,Paul Lang,https://media.api-sports.io/american-football/players/5862.png,tackles,1
7,Detroit Lions,https://media.api-sports.io/american-football/teams/7.png,Defensive,3508,Tahir Whitehead,https://media.api-sports.io/american-football/players/3508.png,tackles,0
22,Pittsburgh Steelers,https://media.api-sports.io/american-football/teams/22.png,Defensive,5895,Ray Vinopal,https://media.api-sports.io/american-football/players/5895.png,tackles,1
7,Detroit Lions,https://media.api-sports.io/american-football/teams/7.png,Defensive,2276,A'Shawn Robinson,https://media.api-sports.io/american-football/players/2276.png,tackles,1
22,Pittsburgh Steelers,https://media.api-sports.io/american-football/teams/22.png,Defensive,4503,Fitzgerald Toussaint,https://media.api-sports.io/american-football/players/4503.png,tackles,1
7,Detroit Lions,https://media.api-sports.io/american-football/teams/7.png,Defensive,3234,Tavon Wilson,https://media.api-sports.io/american-football/players/3234.png,tackles,1
22,Pittsburgh Steelers,https://media.api-sports.io/american-football/teams/22.png,Defensive,3581,Jordan Dangerfield,https://media.api-sports.io/american-football/players/3581.png,tackles,1
7,Detroit Lions,https://media.api-sports.io/american-football/teams/7.png,Defensive,5903,Crezdon Butler,https://media.api-sports.io/american-football/players/5903.png,tackles,1
22,Pittsburgh Steelers,https://media.api-sports.io/american-football/teams/22.png,Defensive,4576,Marcus Tucker,https://media.api-sports.io/american-football/players/4576.png,tackles,1
7,Detroit Lions,https://media.api-sports.io/american-football/teams/7.png,Defensive,1695,Quandre Diggs,https://media.api-sports.io/american-football/players/1695.png,tackles,1
22,Pittsburgh Steelers,https://media.api-sports.io/american-football/teams/22.png,Defensive,873,Javon Hargrave,https://media.api-sports.io/american-football/players/873.png,tackles,1
7,Detroit Lions,https://media.api-sports.io/american-football/teams/7.png,Defensive,3398,Gabe Wright,https://media.api-sports.io/american-football/players/3398.png,tackles,1
22,Pittsburgh Steelers,https://media.api-sports.io/american-football/teams/22.png,Defensive,3602,Anthony Chickillo,https://media.api-sports.io/american-football/players/3602.png,tackles,1
7,Detroit Lions,https://media.api-sports.io/american-football/teams/7.png,Defensive,5902,Keith Lewis,https://media.api-sports.io/american-football/players/5902.png,tackles,1
22,Pittsburgh Steelers,https://media.api-sports.io/american-football/teams/22.png,Defensive,3881,L.T. Walton,https://media.api-sports.io/american-football/players/3881.png,tackles,1
7,Detroit Lions,https://media.api-sports.io/american-football/teams/7.png,Defensive,3357,Nevin Lawson,https://media.api-sports.io/american-football/players/3357.png,tackles,1
22,Pittsburgh Steelers,https://media.api-sports.io/american-football/teams/22.png,Defensive,4870,Arthur Moats,https://media.api-sports.io/american-football/players/4870.png,tackles,1
7,Detroit Lions,https://media.api-sports.io/american-football/teams/7.png,Defensive,3643,Caraun Reid,https://media.api-sports.io/american-football/players/3643.png,tackles,1
22,Pittsburgh Steelers,https://media.api-sports.io/american-football/teams/22.png,Defensive,5894,Ricardo Mathews,https://media.api-sports.io/american-football/players/5894.png,tackles,1
7,Detroit Lions,https://media.api-sports.io/american-football/teams/7.png,Defensive,5531,Khyri Thornton,https://media.api-sports.io/american-football/players/5531.png,tackles,1
22,Pittsburgh Steelers,https://media.api-sports.io/american-football/teams/22.png,Defensive,5893,Cody Wallace,https://media.api-sports.io/american-football/players/5893.png,tackles,1
7,Detroit Lions,https://media.api-sports.io/american-football/teams/7.png,Defensive,5901,Travis Swanson,https://media.api-sports.io/american-football/players/5901.png,tackles,1
22,Pittsburgh Steelers,https://media.api-sports.io/american-football/teams/22.png,Defensive,4993,William Gay,https://media.api-sports.io/american-football/players/4993.png,tackles,1
7,Detroit Lions,https://media.api-sports.io/american-football/teams/7.png,Defensive,4025,Johnson Bademosi,https://media.api-sports.io/american-football/players/4025.png,tackles,1
22,Pittsburgh Steelers,https://media.api-sports.io/american-football/teams/22.png,Defensive,1466,Tyler Matakevich,https://media.api-sports.io/american-football/players/1466.png,tackles,2
7,Detroit Lions,https://media.api-sports.io/american-football/teams/7.png,Defensive,3918,Anthony Zettel,https://media.api-sports.io/american-football/players/3918.png,tackles,1
22,Pittsburgh Steelers,https://media.api-sports.io/american-football/teams/22.png,Defensive,5644,Johnny Maxey,https://media.api-sports.io/american-football/players/5644.png,tackles,2
7,Detroit Lions,https://media.api-sports.io/american-football/teams/7.png,Defensive,1015,Kerry Hyder Jr.,https://media.api-sports.io/american-football/players/1015.png,tackles,2
22,Pittsburgh Steelers,https://media.api-sports.io/american-football/teams/22.png,Defensive,5892,Kevin White,https://media.api-sports.io/american-football/players/5892.png,tackles,2
7,Detroit Lions,https://media.api-sports.io/american-football/teams/7.png,Defensive,4403,Stefan Charles,https://media.api-sports.io/american-football/players/4403.png,tackles,2
22,Pittsburgh Steelers,https://media.api-sports.io/american-football/teams/22.png,Defensive,5891,Mike Reilly,https://media.api-sports.io/american-football/players/5891.png,tackles,2
7,Detroit Lions,https://media.api-sports.io/american-football/teams/7.png,Defensive,5488,Zaviar Gooden,https://media.api-sports.io/american-football/players/5488.png,tackles,2
22,Pittsburgh Steelers,https://media.api-sports.io/american-football/teams/22.png,Defensive,4277,Xavier Grimble,https://media.api-sports.io/american-football/players/4277.png,tackles,2
7,Detroit Lions,https://media.api-sports.io/american-football/teams/7.png,Defensive,5389,Devin Taylor,https://media.api-sports.io/american-football/players/5389.png,tackles,2
22,Pittsburgh Steelers,https://media.api-sports.io/american-football/teams/22.png,Defensive,5674,Ryan Shazier,https://media.api-sports.io/american-football/players/5674.png,tackles,2
7,Detroit Lions,https://media.api-sports.io/american-football/teams/7.png,Defensive,5756,Don Juan Carey,https://media.api-sports.io/american-football/players/5756.png,tackles,2
22,Pittsburgh Steelers,https://media.api-sports.io/american-football/teams/22.png,Defensive,5683,James Harrison,https://media.api-sports.io/american-football/players/5683.png,tackles,2
7,Detroit Lions,https://media.api-sports.io/american-football/teams/7.png,Defensive,5900,Quanterus Smith,https://media.api-sports.io/american-football/players/5900.png,tackles,2
22,Pittsburgh Steelers,https://media.api-sports.io/american-football/teams/22.png,Defensive,4866,Caushaud Lyons,https://media.api-sports.io/american-football/players/4866.png,tackles,2
7,Detroit Lions,https://media.api-sports.io/american-football/teams/7.png,Defensive,5708,Rashaad Reynolds,https://media.api-sports.io/american-football/players/5708.png,tackles,3
22,Pittsburgh Steelers,https://media.api-sports.io/american-football/teams/22.png,Defensive,5401,Jacob Hagen,https://media.api-sports.io/american-football/players/5401.png,tackles,2
7,Detroit Lions,https://media.api-sports.io/american-football/teams/7.png,Defensive,1628,Miles Killebrew,https://media.api-sports.io/american-football/players/1628.png,tackles,3
22,Pittsburgh Steelers,https://media.api-sports.io/american-football/teams/22.png,Defensive,5890,Jordan Zumwalt,https://media.api-sports.io/american-football/players/5890.png,tackles,2
7,Detroit Lions,https://media.api-sports.io/american-football/teams/7.png,Defensive,5899,Chi Chi Ariguzo,https://media.api-sports.io/american-football/players/5899.png,tackles,3
22,Pittsburgh Steelers,https://media.api-sports.io/american-football/teams/22.png,Defensive,2807,Ross Cockrell,https://media.api-sports.io/american-football/players/2807.png,tackles,2
7,Detroit Lions,https://media.api-sports.io/american-football/teams/7.png,Defensive,2208,Kyle Van Noy,https://media.api-sports.io/american-football/players/2208.png,tackles,3
22,Pittsburgh Steelers,https://media.api-sports.io/american-football/teams/22.png,Defensive,4060,Shamarko Thomas,https://media.api-sports.io/american-football/players/4060.png,tackles,2
7,Detroit Lions,https://media.api-sports.io/american-football/teams/7.png,Defensive,5898,Darrin Walls,https://media.api-sports.io/american-football/players/5898.png,tackles,3
22,Pittsburgh Steelers,https://media.api-sports.io/american-football/teams/22.png,Defensive,5277,Lawrence Timmons,https://media.api-sports.io/american-football/players/5277.png,tackles,2
7,Detroit Lions,https://media.api-sports.io/american-football/teams/7.png,Defensive,3889,Isaiah Johnson,https://media.api-sports.io/american-football/players/3889.png,tackles,4
22,Pittsburgh Steelers,https://media.api-sports.io/american-football/teams/22.png,Defensive,5150,Mike Mitchell,https://media.api-sports.io/american-football/players/5150.png,tackles,3
7,Detroit Lions,https://media.api-sports.io/american-football/teams/7.png,Defensive,4010,Antwione Williams,https://media.api-sports.io/american-football/players/4010.png,tackles,5
22,Pittsburgh Steelers,https://media.api-sports.io/american-football/teams/22.png,Defensive,4734,Robert Golden,https://media.api-sports.io/american-football/players/4734.png,tackles,3
7,Detroit Lions,https://media.api-sports.io/american-football/teams/7.png,Defensive,5897,Khaseem Greene,https://media.api-sports.io/american-football/players/5897.png,tackles,5
22,Pittsburgh Steelers,https://media.api-sports.io/american-football/teams/22.png,Defensive,5402,Steven Johnson,https://media.api-sports.io/american-football/players/5402.png,tackles,4
22,Pittsburgh Steelers,https://media.api-sports.io/american-football/teams/22.png,Defensive,3659,Daniel McCullers,https://media.api-sports.io/american-football/players/3659.png,tackles,4
22,Pittsburgh Steelers,https://media.api-sports.io/american-football/teams/22.png,Defensive,3294,Sean Davis,https://media.api-sports.io/american-football/players/3294.png,tackles,5
22,Pittsburgh Steelers,https://media.api-sports.io/american-football/teams/22.png,Defensive,3565,Vince Williams,https://media.api-sports.io/american-football/players/3565.png,tackles,5
22,Pittsburgh Steelers,https://media.api-sports.io/american-football/teams/22.png,Defensive,3188,L.J. Fort,https://media.api-sports.io/american-football/players/3188.png,tackles,5
22,Pittsburgh Steelers,https://media.api-sports.io/american-football/teams/22.png,Defensive,4639,Doran Grant,https://media.api-sports.io/american-football/players/4639.png,tackles,8
